date,fed_funds_rate,ecb_deposit_rate,boe_base_rate,rbi_repo_rate,us_10y_treasury,japan_policy_rate,canada_policy_rate,australia_policy_rate
2015-01-01,0.11,-0.2,0.5,8.85,1.88,0.3,1.0,2.5
2015-02-01,0.11,-0.2,0.5,8.75,1.98,0.3,1.0,2.28
2015-03-01,0.11,-0.2,0.5,8.5,2.04,0.3,1.0,2.25
2015-04-01,0.12,-0.2,0.5,8.5,1.94,0.3,1.0,2.25
2015-05-01,0.12,-0.2,0.5,8.5,2.2,0.3,1.0,2.04
2015-06-01,0.13,-0.2,0.5,8.25,2.36,0.3,1.0,2.0
2015-07-01,0.13,-0.2,0.5,8.25,2.32,0.3,0.75,2.0
2015-08-01,0.14,-0.2,0.5,8.25,2.17,0.3,0.75,2.0
2015-09-01,0.14,-0.2,0.5,8.25,2.17,0.3,0.75,2.0
2015-10-01,0.12,-0.2,0.5,7.75,2.07,0.3,0.75,2.0
2015-11-01,0.12,-0.2,0.5,7.75,2.26,0.3,0.75,2.0
2015-12-01,0.24,-0.27,0.5,7.75,2.24,0.3,0.75,2.0
2016-01-01,0.34,-0.3,0.5,7.75,2.09,0.3,0.75,2.0
2016-02-01,0.38,-0.3,0.5,7.75,1.78,0.3,0.75,2.0
2016-03-01,0.36,-0.35,0.5,7.75,1.89,0.3,0.75,2.0
2016-04-01,0.37,-0.4,0.5,7.15,1.81,0.3,0.75,2.0
2016-05-01,0.37,-0.4,0.5,7.0,1.81,0.3,0.75,1.77
2016-06-01,0.38,-0.4,0.5,7.0,1.64,0.3,0.75,1.75
2016-07-01,0.39,-0.4,0.5,7.0,1.5,0.3,0.75,1.75
2016-08-01,0.4,-0.4,0.25,7.0,1.56,0.3,0.75,1.52
2016-09-01,0.4,-0.4,0.25,7.0,1.63,0.3,0.75,1.5
2016-10-01,0.4,-0.4,0.25,6.75,1.76,0.3,0.75,1.5
2016-11-01,0.41,-0.4,0.25,6.75,2.14,0.3,0.75,1.5
2016-12-01,0.54,-0.4,0.25,6.75,2.49,0.3,0.75,1.5
2017-01-01,0.65,-0.4,0.25,6.75,2.43,0.3,0.75,1.5
2017-02-01,0.66,-0.4,0.25,6.75,2.42,0.3,0.75,1.5
2017-03-01,0.79,-0.4,0.25,6.75,2.48,0.3,0.75,1.5
2017-04-01,0.9,-0.4,0.25,6.5,2.3,0.3,0.75,1.5
2017-05-01,0.91,-0.4,0.25,6.5,2.3,0.3,0.75,1.5
2017-06-01,1.04,-0.4,0.25,6.5,2.19,0.3,0.75,1.5
2017-07-01,1.15,-0.4,0.25,6.5,2.32,0.3,1.0,1.5
2017-08-01,1.16,-0.4,0.25,6.25,2.21,0.3,1.0,1.5
2017-09-01,1.15,-0.4,0.25,6.25,2.2,0.3,1.25,1.5
2017-10-01,1.15,-0.4,0.25,6.25,2.36,0.3,1.25,1.5
2017-11-01,1.16,-0.4,0.25,6.25,2.35,0.3,1.25,1.5
2017-12-01,1.3,-0.4,0.25,6.25,2.4,0.3,1.25,1.5
2018-01-01,1.41,-0.4,0.25,6.25,2.58,0.3,1.5,1.5
2018-02-01,1.42,-0.4,0.25,6.25,2.86,0.3,1.5,1.5
2018-03-01,1.51,-0.4,0.25,6.25,2.84,0.3,1.5,1.5
2018-04-01,1.69,-0.4,0.25,6.25,2.87,0.3,1.5,1.5
2018-05-01,1.7,-0.4,0.25,6.25,2.98,0.3,1.5,1.5
2018-06-01,1.82,-0.4,0.25,6.45,2.91,0.3,1.5,1.5
2018-07-01,1.91,-0.4,0.25,6.5,2.89,0.3,1.75,1.5
2018-08-01,1.91,-0.4,0.25,6.75,2.89,0.3,1.75,1.5
2018-09-01,1.95,-0.4,0.25,6.75,3.0,0.3,1.75,1.5
2018-10-01,2.19,-0.4,0.25,6.75,3.15,0.3,2.0,1.5
2018-11-01,2.2,-0.4,0.25,6.75,3.12,0.3,2.0,1.5
2018-12-01,2.27,-0.4,0.25,6.75,2.83,0.3,2.0,1.5
2019-01-01,2.4,-0.4,0.25,6.75,2.71,0.3,2.0,1.5
2019-02-01,2.4,-0.4,0.25,6.5625,2.68,0.3,2.0,1.5
2019-03-01,2.41,-0.4,0.25,6.5,2.57,0.3,2.0,1.5
2019-04-01,2.42,-0.4,0.25,6.25,2.53,0.3,2.0,1.5
2019-05-01,2.39,-0.4,0.25,6.25,2.4,0.3,2.0,1.5
2019-06-01,2.38,-0.4,0.25,6.0,2.07,0.3,2.0,1.28
2019-07-01,2.4,-0.4,0.25,6.0,2.06,0.3,2.0,1.02
2019-08-01,2.13,-0.4,0.25,5.72,1.63,0.3,2.0,1.0
2019-09-01,2.04,-0.44,0.25,5.65,1.7,0.3,2.0,1.0
2019-10-01,1.83,-0.5,0.25,5.4,1.71,0.3,2.0,0.76
2019-11-01,1.55,-0.5,0.25,5.4,1.81,0.3,2.0,0.75
2019-12-01,1.55,-0.5,0.25,5.4,1.86,0.3,2.0,0.75
2020-01-01,1.55,-0.5,0.25,5.4,1.76,0.3,2.0,0.75
2020-02-01,1.58,-0.5,0.25,5.4,1.5,0.3,2.0,0.75
2020-03-01,0.65,-0.5,0.25,5.21,0.87,0.3,1.0,0.43
2020-04-01,0.05,-0.5,0.25,4.65,0.66,0.3,0.5,0.25
2020-05-01,0.05,-0.5,0.25,4.49,0.67,0.3,0.5,0.25
2020-06-01,0.08,-0.5,0.25,4.25,0.73,0.3,0.5,0.25
2020-07-01,0.09,-0.5,0.25,4.25,0.62,0.3,0.5,0.25
2020-08-01,0.1,-0.5,0.25,4.25,0.65,0.3,0.5,0.25
2020-09-01,0.09,-0.5,0.25,4.25,0.68,0.3,0.5,0.25
2020-10-01,0.09,-0.5,0.25,4.25,0.79,0.3,0.5,0.25
2020-11-01,0.09,-0.5,0.25,2.25,0.87,0.3,0.5,0.11
2020-12-01,0.09,-0.5,0.25,4.25,0.93,0.3,0.5,0.1
2021-01-01,0.09,-0.5,0.25,4.25,1.08,0.3,0.5,0.1
2021-02-01,0.08,-0.5,0.25,4.25,1.26,0.3,0.5,0.1
2021-03-01,0.07,-0.5,0.25,4.25,1.61,0.3,0.5,0.1
2021-04-01,0.07,-0.5,0.25,4.25,1.64,0.3,0.5,0.1
2021-05-01,0.06,-0.5,0.25,4.25,1.62,0.3,0.5,0.1
2021-06-01,0.08,-0.5,0.25,4.25,1.52,0.3,0.5,0.1
2021-07-01,0.1,-0.5,0.25,4.25,1.32,0.3,0.5,0.1
2021-08-01,0.09,-0.5,0.25,4.25,1.28,0.3,0.5,0.1
2021-09-01,0.08,-0.5,0.25,4.25,1.37,0.3,0.5,0.1
2021-10-01,0.08,-0.5,0.25,4.25,1.58,0.3,0.5,0.1
2021-11-01,0.08,-0.5,0.25,4.25,1.56,0.3,0.5,0.1
2021-12-01,0.08,-0.5,0.25,4.25,1.47,0.3,0.5,0.1
2022-01-01,0.08,-0.5,0.25,4.25,1.76,0.3,0.5,0.1
2022-02-01,0.08,-0.5,0.25,4.25,1.93,0.3,0.5,0.1
2022-03-01,0.2,-0.5,0.25,4.25,2.13,0.3,0.75,0.1
2022-04-01,0.33,-0.5,0.25,4.25,2.75,0.3,1.25,0.1
2022-05-01,0.77,-0.5,0.25,4.65,2.9,0.3,1.25,0.33
2022-06-01,1.21,-0.5,0.25,5.03,3.14,0.3,1.75,0.73
2022-07-01,1.68,-0.42,0.25,5.15,2.9,0.3,2.75,1.28
2022-08-01,2.33,0.0,0.25,5.65,2.9,0.3,2.75,1.81
2022-09-01,2.56,0.43,0.25,5.75,3.52,0.3,3.5,2.25
2022-10-01,3.08,0.75,0.25,6.15,3.98,0.3,3.5,2.58
2022-11-01,3.78,1.48,0.25,6.15,3.89,0.3,4.0,2.84
2022-12-01,4.1,1.68,0.25,6.43,3.62,0.3,4.5,3.05
2023-01-01,4.33,2.0,0.25,6.5,3.53,0.3,4.5,3.1
2023-02-01,4.57,2.38,0.25,6.69,3.75,0.3,4.75,3.29
2023-03-01,4.65,2.66,0.25,6.75,3.66,0.3,4.75,3.54
2023-04-01,4.83,3.0,0.25,6.75,3.46,0.3,4.75,3.6
2023-05-01,5.06,3.18,0.25,6.75,3.57,0.3,4.75,3.83
2023-06-01,5.08,3.33,0.25,6.75,3.75,0.3,5.0,4.05
2023-07-01,5.12,3.5,0.25,6.75,3.9,0.3,5.25,4.1
2023-08-01,5.33,3.74,0.25,6.75,4.17,0.3,5.25,4.1
2023-09-01,5.33,3.84,0.25,6.75,4.38,0.3,5.25,4.1
2023-10-01,5.33,4.0,0.25,6.75,4.8,0.3,5.25,4.1
2023-11-01,5.33,4.0,0.25,6.75,4.5,0.3,5.25,4.29
2023-12-01,5.33,4.0,0.25,6.75,4.02,0.3,5.25,4.35
2024-01-01,5.33,4.0,0.25,6.75,4.06,0.3,5.25,4.35
2024-02-01,5.33,4.0,0.25,6.75,4.21,0.3,5.25,4.35
2024-03-01,5.33,4.0,0.25,6.75,4.21,0.3,5.25,4.35
2024-04-01,5.33,4.0,0.25,6.75,4.54,0.3,5.25,4.35
2024-05-01,5.33,4.0,0.25,6.75,4.48,0.3,5.25,4.35
2024-06-01,5.33,3.84,0.25,6.75,4.31,0.3,5.25,4.35
2024-07-01,5.33,3.75,0.25,6.75,4.25,0.3,5.25,4.35
2024-08-01,5.33,3.75,0.25,6.75,3.87,0.3,5.25,4.35
2024-09-01,5.13,3.64,0.25,6.75,3.72,0.3,5.25,4.35
2024-10-01,4.83,3.43,0.25,6.75,4.1,0.3,5.25,4.35
2024-11-01,4.64,3.25,0.25,6.75,4.36,0.3,5.25,4.35
2024-12-01,4.48,3.14,0.25,6.75,4.39,0.3,5.25,4.35
2025-01-01,4.33,3.0,0.25,6.75,4.63,0.3,5.25,4.35
2025-02-01,4.33,2.79,0.25,6.75,4.45,0.3,5.25,4.25
2025-03-01,4.33,2.59,0.25,6.75,4.28,0.3,5.25,4.1
2025-04-01,4.33,2.43,0.25,6.75,4.28,0.3,5.25,4.1
2025-05-01,4.33,2.25,0.25,6.75,4.42,0.3,5.25,4.01
2025-06-01,4.33,2.08,0.25,6.75,4.38,0.3,5.25,3.85
2025-07-01,4.33,2.0,0.25,6.75,4.39,0.3,5.25,3.85
2025-08-01,4.33,2.0,0.25,6.75,4.26,0.3,5.25,3.7
2025-09-01,4.22,2.0,0.25,6.75,4.12,0.3,5.25,3.6
2025-10-01,4.09,2.0,0.25,6.75,4.06,0.3,5.25,3.6
2025-11-01,3.88,2.0,0.25,6.75,4.09,0.3,5.25,3.6
2025-12-01,3.72,2.0,0.25,6.75,4.14,0.3,5.25,3.6
2026-01-01,3.64,2.0,0.25,6.75,4.21,0.3,5.25,3.6
2026-02-01,3.64,2.0,0.25,6.75,4.13,0.3,5.25,3.83
2026-03-01,3.64,2.0,0.25,6.75,4.25,0.3,5.25,3.96
2026-04-01,3.64,2.0,0.25,6.75,4.25,0.3,5.25,3.96
