date,us_cpi_all_items,us_cpi_all_items_mom_pct,us_cpi_all_items_yoy_pct,us_core_cpi,us_core_cpi_mom_pct,us_core_cpi_yoy_pct,us_pce,us_pce_mom_pct,us_pce_yoy_pct,us_core_pce,us_core_pce_mom_pct,us_core_pce_yoy_pct,us_shelter_cpi,us_shelter_cpi_mom_pct,us_shelter_cpi_yoy_pct,us_energy_cpi,us_energy_cpi_mom_pct,us_energy_cpi_yoy_pct,us_food_cpi,us_food_cpi_mom_pct,us_food_cpi_yoy_pct,uk_cpi_yoy,eu_hicp_yoy,india_cpi_yoy,japan_cpi_yoy,canada_cpi_yoy,brazil_cpi_yoy,south_korea_cpi_yoy
2015-01-01,234.747,,,239.811,,,96.654,,,96.214,,,274.762,,,199.926,,,246.197,,,99.2,98.24,97.1629,99.56732,98.20911,95.36163,99.7702777136
2015-02-01,235.342,0.253,,240.172,0.151,,96.825,0.177,,96.324,0.114,,275.47,0.258,,203.021,1.548,,246.495,0.121,,99.5,98.85,96.78036,99.36371,99.07822,96.52494,99.7112439176303
2015-03-01,235.976,0.269,,240.755,0.243,,97.008,0.189,,96.47,0.152,,276.258,0.286,,205.757,1.348,,246.072,-0.172,,99.6,100.0,97.1629,99.66913,99.78931,97.79915,99.7207314919826
2015-04-01,236.222,0.104,,241.346,0.245,,97.094,0.089,,96.648,0.185,,277.003,0.27,,203.577,-1.06,,246.002,-0.028,,99.9,100.43,97.92796,100.1782,99.7103,98.49356,99.7513025648954
2015-05-01,237.001,0.33,,241.688,0.142,,97.327,0.24,,96.766,0.122,,277.524,0.188,,208.973,2.651,,246.239,0.096,,100.1,100.71,98.69302,100.4836,100.2634,99.22231,100.030658920824
2015-06-01,237.657,0.277,,242.064,0.156,,97.516,0.194,,96.882,0.12,,278.284,0.274,,212.015,1.456,,246.937,0.283,,100.1,100.72,99.84061,100.1782,100.5004,100.0063,100.050688244456
2015-07-01,238.034,0.159,,242.565,0.207,,97.605,0.091,,96.978,0.099,,279.329,0.376,,211.623,-0.185,,247.157,0.089,,100.0,100.11,100.6057,100.0764,100.5794,100.6262,100.230952157149
2015-08-01,238.033,-0.0,,242.817,0.104,,97.612,0.007,,97.056,0.08,,279.921,0.212,,208.579,-1.438,,247.742,0.237,,100.3,100.12,100.9882,100.1782,100.5794,100.8476,100.371157422577
2015-09-01,237.498,-0.225,,243.316,0.206,,97.477,-0.138,,97.196,0.144,,280.737,0.292,,197.246,-5.433,,248.492,0.303,,100.2,100.32,101.7533,100.28,100.4214,101.3921,100.110776215354
2015-10-01,237.733,0.099,,243.768,0.186,,97.477,0.0,,97.228,0.033,,281.429,0.246,,195.616,-0.826,,248.755,0.106,,100.3,100.45,102.9009,100.28,100.5004,102.2234,100.110776215354
2015-11-01,238.017,0.119,,244.241,0.194,,97.538,0.063,,97.332,0.107,,282.129,0.249,,195.114,-0.257,,248.525,-0.092,,100.3,100.01,103.2834,99.87274,100.4214,103.2558,99.9210247283084
2015-12-01,237.761,-0.108,,244.547,0.125,,97.456,-0.084,,97.396,0.066,,282.779,0.23,,190.143,-2.548,,248.206,-0.128,,100.4,100.03,102.9009,99.87274,99.94733,104.247,100.220410407869
2016-01-01,237.652,-0.046,1.238,244.955,0.167,2.145,97.496,0.041,0.871,97.567,0.176,1.406,283.714,0.331,3.258,185.235,-2.581,-7.348,248.353,0.059,0.876,99.9,98.56,102.9009,99.46552,100.1844,105.5709,100.39118674621
2016-02-01,237.336,-0.133,0.847,245.51,0.227,2.223,97.445,-0.052,0.64,97.736,0.173,1.466,284.502,0.278,3.279,176.401,-4.769,-13.112,248.606,0.102,0.856,100.1,98.73,102.1358,99.56732,100.4214,106.521,100.821290116846
2016-03-01,238.08,0.313,0.892,245.913,0.164,2.142,97.673,0.234,0.686,97.876,0.143,1.457,285.122,0.218,3.209,182.234,3.307,-11.432,248.029,-0.232,0.795,100.4,99.96,102.5183,99.66913,101.0535,106.9789,100.560908909623
2016-04-01,238.992,0.383,1.173,246.551,0.259,2.157,97.993,0.328,0.926,98.117,0.246,1.52,285.853,0.256,3.195,186.713,2.458,-8.284,248.235,0.083,0.908,100.6,100.17,103.6659,99.87274,101.3695,107.6316,100.750660396668
2016-05-01,239.557,0.236,1.078,247.137,0.238,2.255,98.153,0.163,0.849,98.284,0.17,1.569,286.855,0.351,3.362,188.596,1.008,-9.751,247.856,-0.153,0.657,100.8,100.59,105.196,99.97455,101.7645,108.471,100.810748367566
2016-06-01,240.222,0.278,1.079,247.54,0.163,2.262,98.325,0.175,0.83,98.386,0.104,1.552,287.819,0.336,3.426,192.899,2.282,-9.016,247.683,-0.07,0.302,101.0,100.77,105.9611,99.87274,102.0016,108.8506,100.790719043934
2016-07-01,240.101,-0.05,0.868,247.829,0.117,2.17,98.342,0.017,0.755,98.529,0.145,1.599,288.524,0.245,3.292,189.046,-1.997,-10.669,247.658,-0.01,0.203,100.9,100.28,107.1087,99.66913,101.8436,109.4167,100.600967556888
2016-08-01,240.545,0.185,1.055,248.423,0.24,2.309,98.479,0.139,0.888,98.703,0.177,1.697,289.367,0.292,3.375,188.772,-0.145,-9.496,247.746,0.036,0.002,101.2,100.34,106.3436,99.66913,101.6855,109.8981,100.860294589184
2016-09-01,241.176,0.262,1.549,248.842,0.169,2.271,98.666,0.19,1.22,98.834,0.133,1.685,290.369,0.346,3.431,192.243,1.839,-2.536,247.772,0.01,-0.29,101.5,100.72,105.9611,99.77094,101.7645,109.9861,101.461174298161
2016-10-01,241.741,0.234,1.686,249.142,0.121,2.205,98.868,0.205,1.427,98.961,0.128,1.782,291.378,0.347,3.535,195.979,1.943,0.186,247.812,0.016,-0.379,101.6,100.96,106.3436,100.3818,102.0016,110.2721,101.600325388661
2016-11-01,242.026,0.118,1.684,249.481,0.136,2.145,98.901,0.033,1.397,99.005,0.044,1.719,292.227,0.291,3.579,196.372,0.201,0.645,247.741,-0.029,-0.315,101.8,100.6,105.9611,100.3818,101.6065,110.4707,101.450632548881
2016-12-01,242.637,0.252,2.051,249.92,0.176,2.197,99.071,0.172,1.657,99.12,0.116,1.77,293.066,0.287,3.638,199.513,1.6,4.928,247.725,-0.006,-0.194,102.2,101.13,105.196,100.1782,101.4485,110.802,101.561320916324
2017-01-01,243.618,0.404,2.51,250.467,0.219,2.25,99.451,0.384,2.005,99.385,0.267,1.863,293.769,0.24,3.544,205.369,2.935,10.869,248.065,0.137,-0.116,101.8,100.26,104.8135,99.97455,102.3176,111.2231,102.640796042627
2017-02-01,244.006,0.159,2.81,250.998,0.212,2.235,99.586,0.136,2.197,99.561,0.177,1.867,294.543,0.263,3.529,204.133,-0.602,15.721,248.735,0.27,0.052,102.4,100.66,104.8135,99.87274,102.4756,111.5902,102.921206573483
2017-03-01,243.892,-0.047,2.441,250.944,-0.022,2.046,99.535,-0.051,1.906,99.519,-0.042,1.679,295.012,0.159,3.469,202.528,-0.786,11.136,249.244,0.205,0.49,102.7,101.49,105.196,99.87274,102.6337,111.8691,102.850576853305
2017-04-01,244.193,0.123,2.176,251.227,0.113,1.897,99.725,0.191,1.767,99.723,0.205,1.637,295.741,0.247,3.459,202.954,0.21,8.698,249.589,0.138,0.545,103.2,102.07,105.9611,100.28,103.0287,112.0257,102.720913337158
2017-05-01,244.004,-0.077,1.856,251.43,0.081,1.737,99.682,-0.043,1.558,99.803,0.08,1.546,296.461,0.243,3.349,198.449,-2.22,5.224,249.972,0.153,0.854,103.5,101.98,106.3436,100.3818,103.1077,112.373,102.830547529673
2017-06-01,244.163,0.065,1.641,251.746,0.126,1.699,99.766,0.084,1.466,99.937,0.134,1.576,297.215,0.254,3.265,197.808,-0.323,2.545,249.77,-0.081,0.843,103.5,102.08,107.1087,100.28,103.0287,112.1145,102.611279144642
2017-07-01,244.243,0.033,1.725,251.985,0.095,1.677,99.803,0.037,1.486,100.01,0.073,1.503,297.676,0.155,3.172,195.994,-0.917,3.675,250.185,0.166,1.02,103.5,101.62,109.0214,100.0764,103.0287,112.3837,102.781001308055
2017-08-01,245.183,0.385,1.928,252.535,0.218,1.655,100.027,0.224,1.572,100.118,0.108,1.434,298.904,0.413,3.296,201.45,2.784,6.716,250.469,0.114,1.099,104.0,101.89,109.0214,100.28,103.1077,112.5971,103.370285092824
2017-09-01,246.435,0.511,2.181,252.812,0.11,1.595,100.4,0.373,1.757,100.24,0.122,1.423,299.711,0.27,3.217,212.723,5.596,10.653,250.826,0.143,1.233,104.3,102.29,109.0214,100.5854,103.3447,112.7772,103.49046103462
2017-10-01,246.626,0.078,2.021,253.526,0.282,1.76,100.531,0.13,1.682,100.486,0.245,1.541,300.814,0.368,3.238,208.328,-2.066,6.301,251.048,0.089,1.306,104.4,102.34,109.7864,100.5854,103.4238,113.2509,103.390314416457
2017-11-01,247.284,0.267,2.172,253.816,0.114,1.738,100.675,0.143,1.794,100.535,0.049,1.545,301.43,0.205,3.149,213.047,2.265,8.492,251.195,0.059,1.394,104.7,102.14,110.169,100.8908,103.7398,113.5681,102.620766718995
2017-12-01,247.805,0.211,2.13,254.344,0.208,1.77,100.821,0.145,1.766,100.683,0.147,1.577,302.428,0.331,3.195,213.574,0.247,7.048,251.716,0.207,1.611,105.0,102.49,109.4039,101.1962,103.3447,114.0678,102.990782118733
2018-01-01,248.859,0.425,2.151,255.204,0.338,1.891,101.199,0.375,1.758,101.007,0.322,1.632,303.213,0.26,3.215,216.855,1.536,5.593,252.377,0.263,1.738,104.5,101.56,110.169,101.298,104.0558,114.3987,103.42088548937
2018-02-01,249.529,0.269,2.263,255.711,0.199,1.878,101.416,0.214,1.838,101.198,0.189,1.644,303.784,0.188,3.137,220.141,1.515,7.842,252.264,-0.045,1.419,104.9,101.78,109.7864,101.298,104.6879,114.7648,104.210462510465
2018-03-01,249.577,0.019,2.331,256.271,0.219,2.123,101.524,0.106,1.998,101.419,0.218,1.909,304.812,0.338,3.322,215.72,-2.008,6.514,252.365,0.04,1.252,105.1,102.91,109.7864,100.9926,105.004,114.8681,104.10082831795
2018-04-01,250.227,0.26,2.471,256.63,0.14,2.151,101.766,0.238,2.047,101.602,0.18,1.884,305.72,0.298,3.374,219.165,1.597,7.988,252.867,0.199,1.313,105.5,103.32,110.169,100.8908,105.32,115.1207,104.290579804995
2018-05-01,250.792,0.226,2.782,257.145,0.201,2.273,101.941,0.172,2.266,101.78,0.175,1.981,306.808,0.356,3.49,221.045,0.858,11.386,252.864,-0.001,1.157,105.9,103.97,110.5515,101.0944,105.399,115.5813,104.341180201541
2018-06-01,251.018,0.09,2.808,257.399,0.099,2.246,102.029,0.086,2.268,101.872,0.09,1.936,307.183,0.122,3.354,220.947,-0.044,11.698,253.167,0.12,1.36,105.9,104.09,111.3165,100.9926,105.557,117.0376,104.130345215935
2018-07-01,251.214,0.078,2.854,257.699,0.117,2.268,102.137,0.106,2.339,102.006,0.132,1.996,308.05,0.282,3.485,219.929,-0.461,12.212,253.598,0.17,1.364,105.9,103.85,115.1419,100.9926,106.1101,117.4239,103.931106154537
2018-08-01,251.663,0.179,2.643,257.891,0.075,2.121,102.208,0.07,2.18,102.016,0.01,1.896,309.004,0.31,3.379,222.781,1.297,10.589,253.949,0.138,1.389,106.5,104.01,115.1419,101.6035,106.0311,117.3183,104.850346691779
2018-09-01,252.182,0.206,2.332,258.368,0.185,2.198,102.418,0.205,2.01,102.205,0.185,1.96,309.522,0.168,3.273,223.955,0.527,5.28,254.302,0.139,1.386,106.6,104.42,115.1419,101.7053,105.636,117.8814,105.650465462155
2018-10-01,252.772,0.234,2.492,258.917,0.212,2.126,102.595,0.173,2.053,102.366,0.158,1.871,310.401,0.284,3.187,226.022,0.923,8.493,254.17,-0.052,1.244,106.7,104.68,115.5244,102.0107,105.9521,118.4118,105.460713975109
2018-11-01,252.594,-0.07,2.147,259.439,0.202,2.215,102.63,0.034,1.942,102.556,0.186,2.01,311.247,0.273,3.257,218.5,-3.328,2.56,254.887,0.282,1.47,106.9,104.1,115.5244,101.8071,105.478,118.1631,104.711195601279
2018-12-01,252.767,0.068,2.002,260.063,0.241,2.249,102.701,0.069,1.865,102.735,0.175,2.038,312.132,0.284,3.209,213.63,-2.229,0.026,255.877,0.388,1.653,107.1,104.05,115.1419,101.5017,105.399,118.3403,104.350667775893
2019-01-01,252.561,-0.081,1.488,260.766,0.27,2.179,102.648,-0.052,1.432,102.87,0.131,1.844,312.998,0.277,3.227,204.34,-4.349,-5.771,256.533,0.256,1.647,106.4,102.97,117.437,101.5017,105.557,118.719,104.241033583378
2019-02-01,253.319,0.3,1.519,261.186,0.161,2.141,102.836,0.183,1.4,102.963,0.09,1.744,314.072,0.343,3.387,208.144,1.862,-5.45,257.253,0.281,1.978,106.8,103.3,117.437,101.5017,106.2681,119.2294,104.691166277647
2019-03-01,254.277,0.378,1.883,261.567,0.146,2.067,103.069,0.227,1.522,103.058,0.092,1.616,315.051,0.312,3.359,214.934,3.262,-0.364,257.681,0.166,2.106,107.0,104.35,118.2021,101.5017,106.9792,120.1236,104.490873041321
2019-04-01,255.233,0.376,2.001,261.997,0.164,2.091,103.36,0.282,1.566,103.265,0.201,1.637,316.172,0.356,3.419,222.42,3.483,1.485,257.325,-0.138,1.763,107.6,105.1,119.3497,101.8071,107.4533,120.8083,104.870376015412
2019-05-01,255.296,0.025,1.796,262.217,0.084,1.972,103.435,0.073,1.466,103.371,0.103,1.563,317.03,0.271,3.332,220.523,-0.853,-0.236,257.818,0.192,1.959,107.9,105.24,120.1148,101.8071,107.9273,120.9653,105.050639928105
2019-06-01,255.213,-0.033,1.671,262.739,0.199,2.075,103.484,0.047,1.426,103.56,0.183,1.657,317.949,0.29,3.505,214.926,-2.538,-2.725,257.952,0.052,1.89,107.9,105.41,120.8798,101.6035,107.6903,120.9774,104.880917764692
2019-07-01,255.802,0.231,1.826,263.28,0.206,2.166,103.622,0.133,1.454,103.678,0.114,1.639,318.777,0.26,3.482,216.696,0.824,-1.47,258.059,0.041,1.759,108.0,104.91,122.0274,101.6035,108.2433,121.2073,104.560448586571
2019-08-01,256.036,0.091,1.738,263.877,0.227,2.321,103.67,0.046,1.43,103.797,0.115,1.746,319.37,0.186,3.355,213.847,-1.315,-4.01,258.288,0.089,1.709,108.3,105.06,122.4099,101.8071,108.0853,121.3407,104.811342219442
2019-09-01,256.43,0.154,1.684,264.388,0.194,2.33,103.733,0.061,1.284,103.873,0.073,1.632,320.436,0.334,3.526,213.015,-0.389,-4.885,258.865,0.223,1.794,108.4,105.29,123.175,101.9089,107.6113,121.2922,105.200332767886
2019-10-01,257.155,0.283,1.734,264.97,0.22,2.338,103.917,0.177,1.289,104.028,0.149,1.624,320.862,0.133,3.37,215.268,1.058,-4.758,259.434,0.22,2.071,108.3,105.44,124.3226,102.2143,107.9273,121.4136,105.460713975109
2019-11-01,257.879,0.282,2.092,265.548,0.218,2.355,104.024,0.103,1.358,104.092,0.062,1.498,321.611,0.233,3.33,217.488,1.031,-0.463,260.048,0.237,2.025,108.5,105.1,125.4702,102.3161,107.7693,122.0328,104.870376015412
2019-12-01,258.63,0.291,2.32,266.02,0.178,2.291,104.307,0.272,1.564,104.322,0.221,1.545,322.247,0.198,3.241,221.18,1.698,3.534,260.483,0.167,1.8,108.5,105.43,126.2353,102.3161,107.7693,123.4363,105.121269648283
2020-01-01,259.127,0.192,2.6,266.716,0.262,2.282,104.49,0.175,1.794,104.507,0.177,1.591,323.487,0.385,3.351,220.147,-0.467,7.736,261.293,0.311,1.856,108.3,104.37,126.2353,102.3161,108.0853,123.6954,105.512368546583
2020-02-01,259.25,0.047,2.341,267.37,0.245,2.368,104.573,0.079,1.689,104.711,0.195,1.698,324.483,0.308,3.315,214.294,-2.659,2.955,261.962,0.256,1.83,108.6,104.56,125.4702,102.1125,108.5594,124.0047,105.586160791545
2020-03-01,258.076,-0.453,1.494,267.054,-0.118,2.098,104.271,-0.289,1.166,104.632,-0.075,1.527,324.54,0.018,3.012,201.681,-5.886,-6.166,262.622,0.252,1.917,108.6,105.13,124.7051,102.1125,107.9273,124.0915,105.354242307378
2020-04-01,256.032,-0.792,0.313,265.746,-0.49,1.431,103.838,-0.415,0.462,104.293,-0.324,0.995,324.391,-0.046,2.6,182.586,-9.468,-17.909,266.37,1.427,3.515,108.6,105.43,125.8527,102.0107,107.2162,123.7068,104.890405339045
2020-05-01,255.802,-0.09,0.198,265.412,-0.126,1.218,103.942,0.1,0.49,104.402,0.105,0.997,324.973,0.179,2.505,180.04,-1.394,-18.358,268.086,0.644,3.983,108.6,105.33,126.2353,101.9089,107.5323,123.2367,104.827154843363
2020-06-01,257.042,0.485,0.717,265.849,0.165,1.184,104.27,0.316,0.76,104.565,0.156,0.97,325.425,0.139,2.351,188.734,4.829,-12.187,269.553,0.547,4.497,108.8,105.69,127.0003,101.7053,108.4014,123.5571,105.111782073931
2020-07-01,258.352,0.51,0.997,267.389,0.579,1.561,104.578,0.295,0.923,104.937,0.356,1.214,326.249,0.253,2.344,191.966,1.712,-11.412,268.532,-0.379,4.058,109.2,105.32,128.5304,101.8071,108.4014,124.0019,105.027448079689
2020-08-01,259.316,0.373,1.281,268.422,0.386,1.722,104.87,0.279,1.158,105.243,0.292,1.393,326.782,0.163,2.321,193.307,0.699,-9.605,268.957,0.158,4.131,108.8,104.88,129.2955,101.9089,108.2433,124.2996,105.617786039386
2020-09-01,259.997,0.263,1.391,268.933,0.19,1.719,105.057,0.178,1.276,105.41,0.159,1.48,327.043,0.08,2.062,196.705,1.758,-7.657,269.043,0.032,3.932,109.2,104.96,130.1179,101.7053,108.1643,125.0951,106.197582249803
2020-10-01,260.319,0.124,1.23,269.306,0.139,1.636,105.151,0.089,1.187,105.507,0.092,1.422,327.421,0.116,2.044,196.113,-0.301,-8.898,269.653,0.227,3.939,109.2,105.15,131.6603,101.6035,108.6384,126.171,105.607244290105
2020-11-01,260.911,0.227,1.176,269.981,0.251,1.669,105.258,0.102,1.186,105.605,0.093,1.454,327.801,0.116,1.925,197.017,0.461,-9.412,269.636,-0.006,3.687,109.1,104.8,132.101,101.298,108.7964,127.2939,105.512368546583
2020-12-01,262.045,0.435,1.32,270.341,0.133,1.624,105.699,0.419,1.335,105.896,0.276,1.509,328.217,0.127,1.853,205.67,4.392,-7.012,270.781,0.425,3.953,109.4,105.15,130.8891,101.0944,108.5594,129.0124,105.76537052931
2021-01-01,262.687,0.245,1.374,270.387,0.017,1.376,106.147,0.424,1.586,106.281,0.364,1.697,328.535,0.097,1.56,212.47,3.306,-3.487,271.195,0.153,3.79,109.3,105.32,130.22799999999998,101.6035,109.1915,129.3349,106.513834728212
2021-02-01,263.579,0.34,1.67,270.793,0.15,1.28,106.5,0.333,1.843,106.501,0.207,1.709,329.124,0.179,1.43,219.242,3.187,2.309,271.425,0.085,3.612,109.4,105.54,131.1094,101.6035,109.7445,130.4472,107.083089189348
2021-03-01,264.961,0.524,2.668,271.459,0.246,1.649,107.054,0.52,2.669,106.933,0.406,2.199,329.947,0.25,1.666,229.617,4.732,13.852,271.636,0.078,3.432,109.7,106.53,131.7705,101.7053,110.2976,131.6604,107.357174670636
2021-04-01,266.614,0.624,4.133,273.66,0.811,2.978,107.618,0.527,3.64,107.558,0.584,3.131,331.208,0.382,2.101,227.255,-1.029,24.465,272.715,0.397,2.382,110.4,107.14,132.3214,100.8908,110.8507,132.0685,107.504759160561
2021-05-01,268.383,0.664,4.918,275.465,0.66,3.788,108.175,0.518,4.072,108.099,0.503,3.541,332.111,0.273,2.196,229.854,1.144,27.668,273.932,0.446,2.181,111.0,107.42,132.8723,101.1962,111.4037,133.1648,107.578551405523
2021-06-01,270.654,0.846,5.296,277.651,0.794,4.439,108.76,0.541,4.306,108.603,0.466,3.862,333.835,0.519,2.584,233.603,1.631,23.774,275.997,0.754,2.391,111.4,107.7,134.0842,101.298,111.7198,133.8705,107.578551405523
2021-07-01,271.903,0.461,5.245,278.648,0.359,4.211,109.256,0.456,4.473,109.058,0.419,3.927,335.446,0.483,2.819,236.488,1.235,23.193,277.813,0.658,3.456,111.4,107.6,135.2961,,112.4309,135.1557,107.799928140409
2021-08-01,272.676,0.284,5.152,278.997,0.125,3.94,109.674,0.383,4.581,109.409,0.322,3.958,336.022,0.172,2.828,240.692,1.778,24.513,279.01,0.431,3.738,112.1,107.98,135.5165,,112.6679,136.3315,108.316473855144
2021-09-01,273.91,0.453,5.351,279.698,0.251,4.003,110.034,0.328,4.737,109.641,0.212,4.014,337.357,0.397,3.154,245.302,1.915,24.706,281.366,0.844,4.58,112.4,108.49,135.847,,112.9049,137.9129,108.759227324917
2021-10-01,276.55,0.964,6.235,281.668,0.704,4.59,110.762,0.662,5.336,110.188,0.499,4.437,338.948,0.472,3.521,254.756,3.854,29.903,283.972,0.926,5.31,113.4,109.41,137.6098,,113.695,139.6367,108.948978811962
2021-11-01,278.919,0.857,6.902,283.406,0.617,4.973,111.5,0.666,5.93,110.77,0.528,4.891,340.544,0.471,3.887,263.798,3.549,33.896,286.151,0.767,6.125,114.1,109.9,138.4912,,113.9321,140.9634,109.497149774538
2021-12-01,280.845,0.691,7.174,285.18,0.626,5.489,112.191,0.62,6.142,111.418,0.585,5.215,341.931,0.407,4.178,267.899,1.555,30.257,287.812,0.58,6.29,114.7,110.37,138.1607,,113.774,141.9924,109.676359512304
2022-01-01,282.543,0.605,7.559,286.757,0.553,6.054,112.805,0.547,6.272,111.976,0.501,5.358,342.858,0.271,4.36,270.189,0.855,27.166,290.077,0.787,6.963,114.6,110.7,137.8302,,114.8012,142.7592,110.361573215523
2022-02-01,284.5,0.693,7.937,288.273,0.529,6.455,113.471,0.59,6.546,112.468,0.439,5.603,344.705,0.539,4.734,275.322,1.9,25.579,292.899,0.973,7.912,115.4,111.74,137.72,,115.9863,144.2011,111.004619921622
2022-03-01,287.674,1.116,8.572,289.056,0.272,6.482,114.469,0.88,6.926,112.914,0.397,5.593,346.396,0.491,4.985,303.099,10.089,32.002,295.546,0.904,8.802,116.5,114.46,138.8218,,117.6455,146.5372,111.805792866925
2022-04-01,288.561,0.308,8.232,290.514,0.504,6.159,114.812,0.3,6.685,113.307,0.348,5.345,348.23,0.529,5.139,295.455,-2.522,30.01,298.339,0.945,9.396,119.0,115.11,140.6947,,118.3566,148.0906,112.63859106007
2022-05-01,291.298,0.948,8.538,292.063,0.533,6.025,115.525,0.621,6.795,113.703,0.349,5.184,350.204,0.567,5.448,309.052,4.602,34.456,301.755,1.145,10.157,119.7,116.07,142.127,,120.0158,148.7866,113.387055258971
2022-06-01,294.957,1.256,8.979,294.05,0.68,5.906,116.638,0.963,7.243,114.376,0.592,5.316,352.616,0.689,5.626,330.456,6.926,41.461,304.834,1.02,10.448,120.5,117.01,142.3474,,120.8059,149.7836,114.082810711471
2022-07-01,294.913,-0.015,8.463,295.088,0.353,5.9,116.631,-0.006,6.75,114.628,0.22,5.107,354.68,0.585,5.734,314.345,-4.875,32.922,308.193,1.102,10.935,121.2,117.14,143.1186,,120.9639,148.765,114.630981674047
2022-08-01,295.097,0.062,8.223,296.535,0.49,6.286,116.956,0.279,6.64,115.276,0.565,5.362,357.048,0.668,6.257,298.331,-5.094,23.947,310.794,0.844,11.392,121.8,117.85,143.4492,,120.5689,148.2295,114.504480682684
2022-09-01,296.349,0.424,8.192,298.226,0.57,6.624,117.371,0.355,6.668,115.788,0.444,5.606,359.601,0.715,6.594,294.103,-1.417,19.894,312.901,0.678,11.208,122.3,119.26,144.6611,,120.6479,147.7996,114.831274910373
2022-10-01,298.007,0.559,7.759,299.399,0.393,6.295,117.919,0.467,6.462,116.204,0.359,5.46,362.353,0.765,6.905,299.945,1.986,17.738,315.038,0.683,10.94,124.3,121.03,145.9832,,121.517,148.6718,115.126443890222
2022-11-01,298.786,0.261,7.123,300.325,0.309,5.97,118.224,0.259,6.03,116.539,0.288,5.208,364.695,0.646,7.092,298.107,-0.613,13.006,316.62,0.502,10.648,124.8,120.95,145.9832,,121.675,149.2813,115.010484648138
2022-12-01,298.832,0.015,6.405,301.394,0.356,5.686,118.384,0.135,5.52,116.952,0.354,4.967,367.466,0.76,7.468,286.33,-3.951,6.88,317.813,0.377,10.424,125.3,120.52,145.7628,,120.9639,150.2068,115.200236135184
2023-01-01,300.42,0.531,6.327,302.642,0.414,5.54,119.018,0.536,5.508,117.505,0.473,4.938,369.911,0.665,7.89,292.615,2.195,8.3,319.3,0.468,10.074,124.8,120.27,146.3137,,121.596,151.0028,116.064659576169
2023-02-01,301.45,0.343,5.958,304.123,0.489,5.498,119.369,0.295,5.198,117.929,0.361,4.856,372.636,0.737,8.103,288.702,-1.337,4.86,320.543,0.389,9.438,126.0,121.24,146.2036,,122.0701,152.2712,116.359828556018
2023-03-01,301.821,0.123,4.918,305.147,0.337,5.567,119.538,0.142,4.428,118.315,0.327,4.783,374.678,0.548,8.165,282.868,-2.021,-6.675,320.554,0.003,8.462,126.8,122.34,146.8646,,122.7021,153.3524,116.549580043063
2023-04-01,302.845,0.339,4.95,306.534,0.455,5.514,119.951,0.345,4.476,118.734,0.354,4.79,376.404,0.461,8.091,280.86,-0.71,-4.94,321.213,0.206,7.667,128.3,123.11,147.8562,,123.5712,154.2878,116.80258202579
2023-05-01,303.334,0.161,4.132,307.652,0.365,5.338,120.15,0.166,4.003,119.083,0.294,4.732,378.304,0.505,8.024,274.273,-2.345,-11.253,322.009,0.248,6.712,129.1,123.14,148.4071,,124.0453,154.6426,117.15045975204
2023-06-01,304.014,0.224,3.071,308.322,0.218,4.854,120.469,0.266,3.285,119.39,0.258,4.384,380.155,0.489,7.81,275.712,0.525,-16.566,322.365,0.111,5.751,129.4,123.45,150.2801,,124.2033,154.5189,117.13991800276
2023-07-01,304.609,0.196,3.288,308.96,0.207,4.701,120.607,0.115,3.409,119.556,0.139,4.299,381.895,0.458,7.673,275.548,-0.059,-12.342,323.201,0.259,4.87,129.0,123.32,153.9159,,124.9144,154.7043,117.224251997003
2023-08-01,306.082,0.484,3.723,309.58,0.201,4.399,120.97,0.301,3.432,119.689,0.111,3.828,382.947,0.275,7.254,287.31,4.269,-3.694,324.042,0.26,4.263,129.4,124.0,153.365,,125.3885,155.0602,118.415469665677
2023-09-01,307.276,0.39,3.687,310.539,0.31,4.129,121.419,0.371,3.449,120.058,0.308,3.688,385.285,0.611,7.142,292.623,1.849,-0.503,324.379,0.104,3.668,130.1,124.4,151.49200000000002,,125.2304,155.4635,119.111225118177
2023-10-01,307.696,0.137,3.251,311.457,0.296,4.027,121.484,0.054,3.023,120.241,0.152,3.474,386.771,0.386,6.739,286.765,-2.002,-4.394,325.442,0.328,3.302,130.2,124.51,152.4836,,125.3095,155.8365,119.511811590829
2023-11-01,308.148,0.147,3.133,312.392,0.3,4.018,121.493,0.007,2.765,120.374,0.111,3.291,388.525,0.453,6.534,282.146,-1.611,-5.354,325.93,0.15,2.94,130.0,123.82,153.2548,,125.4675,156.2729,118.84768138617
2023-12-01,308.741,0.192,3.316,313.195,0.257,3.915,121.66,0.137,2.767,120.592,0.181,3.112,390.139,0.415,6.17,280.763,-0.49,-1.944,326.434,0.155,2.713,130.5,124.02,152.9243,,125.0724,157.1481,
2024-01-01,309.698,0.31,3.088,314.319,0.359,3.858,122.23,0.469,2.699,121.217,0.518,3.159,392.322,0.56,6.058,279.953,-0.288,-4.327,327.424,0.303,2.544,130.0,123.58,153.0345,,125.0724,157.8082,
2024-02-01,310.967,0.41,3.157,315.564,0.396,3.762,122.598,0.301,2.705,121.537,0.264,3.059,394.078,0.448,5.754,283.331,1.207,-1.86,327.707,0.086,2.235,130.8,124.35,153.365,,125.4675,159.1179,
2024-03-01,312.345,0.443,3.487,316.792,0.389,3.816,123.038,0.359,2.928,122.009,0.388,3.122,395.827,0.444,5.645,288.688,1.891,2.057,327.774,0.02,2.252,131.6,125.29,153.0345,,126.2576,159.3724,
2024-04-01,313.023,0.217,3.361,317.649,0.271,3.626,123.341,0.246,2.826,122.304,0.242,3.007,397.196,0.346,5.524,287.611,-0.373,2.404,328.449,0.206,2.253,132.2,126.01,153.5853,,126.8896,159.9779,
2024-05-01,313.175,0.049,3.244,318.095,0.14,3.394,123.348,0.006,2.662,122.383,0.065,2.771,398.689,0.376,5.389,284.165,-1.198,3.607,328.949,0.152,2.155,132.7,126.28,154.1362,,127.6007,160.7139,
2024-06-01,313.044,-0.042,2.97,318.39,0.093,3.265,123.539,0.155,2.548,122.677,0.24,2.753,399.699,0.253,5.141,278.284,-2.07,0.933,329.6,0.198,2.244,133.0,126.55,155.7889,,127.5217,161.0515,
2024-07-01,313.569,0.168,2.941,318.94,0.173,3.23,123.736,0.159,2.594,122.911,0.191,2.806,401.139,0.36,5.039,278.287,0.001,0.994,330.329,0.221,2.205,132.9,126.5,157.2212,,128.0748,161.6635,
2024-08-01,314.062,0.157,2.607,319.75,0.254,3.285,123.889,0.124,2.413,123.128,0.177,2.873,402.895,0.438,5.209,275.706,-0.927,-4.039,330.748,0.127,2.069,133.4,126.67,157.111,,127.8378,161.6313,
2024-09-01,314.732,0.213,2.426,320.732,0.307,3.282,124.164,0.222,2.261,123.466,0.275,2.839,403.956,0.263,4.846,272.681,-1.097,-6.815,331.753,0.304,2.273,133.5,126.56,157.8822,,127.2847,162.3424,
2024-10-01,315.631,0.286,2.579,321.731,0.311,3.299,124.494,0.266,2.478,123.832,0.296,2.987,405.721,0.437,4.9,273.003,0.118,-4.799,332.463,0.214,2.157,134.3,126.99,159.2043,,127.8378,163.2514,
2024-11-01,316.528,0.284,2.719,322.657,0.288,3.286,124.637,0.115,2.588,123.962,0.105,2.981,407.114,0.343,4.785,273.281,0.102,-3.142,333.629,0.351,2.362,134.6,126.58,159.2043,,127.8378,163.888,
2024-12-01,317.604,0.34,2.871,323.259,0.187,3.213,124.979,0.274,2.728,124.196,0.189,2.989,408.165,0.258,4.62,279.829,2.396,-0.333,334.464,0.25,2.46,135.1,127.03,158.3229,,127.3637,164.7402,
2025-01-01,318.961,0.427,2.991,324.638,0.427,3.283,125.417,0.35,2.607,124.587,0.315,2.78,409.579,0.346,4.399,282.272,0.873,0.828,335.441,0.292,2.449,135.1,126.67,157.77200000000002,,127.4427,165.0038,
2025-02-01,319.679,0.225,2.802,325.465,0.255,3.138,125.921,0.402,2.71,125.145,0.448,2.969,410.793,0.296,4.242,282.096,-0.062,-0.436,336.065,0.186,2.55,135.6,127.22,157.3313,,128.7859,167.1655,
2025-03-01,319.785,0.033,2.382,325.69,0.069,2.809,125.941,0.016,2.359,125.267,0.097,2.67,411.639,0.206,3.995,278.906,-1.131,-3.388,337.331,0.377,2.916,136.1,127.99,157.5517,,129.1809,168.1016,
2025-04-01,320.302,0.162,2.325,326.467,0.239,2.776,126.15,0.166,2.277,125.502,0.188,2.615,413.04,0.34,3.989,277.343,-0.56,-3.57,337.493,0.048,2.754,,128.72,,,,168.8246,
2025-05-01,320.62,0.099,2.377,326.893,0.13,2.766,126.38,0.182,2.458,125.79,0.229,2.784,414.109,0.259,3.868,275.377,-0.709,-3.093,338.474,0.291,2.896,,128.64,,,,,
2025-06-01,321.435,0.254,2.68,327.658,0.234,2.911,126.743,0.287,2.594,126.121,0.263,2.807,414.981,0.211,3.823,276.558,0.429,-0.62,339.468,0.294,2.994,,129.03,,,,,
2025-07-01,322.169,0.228,2.743,328.682,0.313,3.054,126.96,0.171,2.606,126.43,0.245,2.863,415.931,0.229,3.687,274.85,-0.618,-1.235,339.891,0.125,2.895,,129.05,,,,,
2025-08-01,323.291,0.348,2.939,329.7,0.31,3.112,127.293,0.262,2.748,126.714,0.225,2.912,417.555,0.39,3.639,276.734,0.685,0.373,341.32,0.42,3.196,,129.24,,,,,
2025-09-01,324.245,0.295,3.023,330.418,0.218,3.02,127.625,0.261,2.787,126.954,0.189,2.825,418.422,0.208,3.581,280.7,1.433,2.941,342.086,0.224,3.115,,129.36,,,,,
2025-10-01,,,,,,,127.871,0.193,2.713,127.243,0.228,2.755,,,,,,,,,,,129.64,,,,,
2025-11-01,325.063,0.252,2.988,331.043,0.189,2.894,128.152,0.22,2.82,127.469,0.178,2.829,419.431,0.241,3.379,284.648,1.406,4.266,342.386,0.088,2.985,,129.25,,,,,
2025-12-01,326.031,0.298,3.002,331.814,0.233,2.838,128.576,0.331,2.878,127.886,0.327,2.971,421.039,0.383,3.42,285.624,0.343,4.517,344.632,0.656,3.298,,129.49,,,,,
2026-01-01,326.588,0.171,2.829,332.793,0.295,2.949,128.965,0.303,2.829,128.388,0.393,3.051,421.965,0.22,3.381,281.436,-1.466,0.574,345.271,0.185,3.231,,,,,,,
2026-02-01,327.46,0.267,2.665,333.512,0.216,2.734,129.449,0.375,2.802,128.859,0.367,2.968,422.942,0.232,3.263,283.223,0.635,0.337,346.622,0.391,3.333,,,,,,,
2026-03-01,330.293,0.865,3.32,334.165,0.196,2.673,,,,,,,424.069,0.266,3.232,314.019,10.873,11.316,346.603,-0.005,3.136,,,,,,,
