date,economy,policy_rate,cpi_yoy_pct,real_rate_pct,rate_change_bps,rate_action,cycle_cumul_bps
2015-01-01,Australia,2.5,,,,,
2015-02-01,Australia,2.28,,,-22.0,cut,-22.0
2015-03-01,Australia,2.25,,,-3.0,cut,-25.0
2015-04-01,Australia,2.25,,,0.0,hold,-25.0
2015-05-01,Australia,2.04,,,-21.0,cut,-46.0
2015-06-01,Australia,2.0,,,-4.0,cut,-50.0
2015-07-01,Australia,2.0,,,0.0,hold,-50.0
2015-08-01,Australia,2.0,,,0.0,hold,-50.0
2015-09-01,Australia,2.0,,,0.0,hold,-50.0
2015-10-01,Australia,2.0,,,0.0,hold,-50.0
2015-11-01,Australia,2.0,,,0.0,hold,-50.0
2015-12-01,Australia,2.0,,,0.0,hold,-50.0
2016-01-01,Australia,2.0,,,0.0,hold,-50.0
2016-02-01,Australia,2.0,,,0.0,hold,-50.0
2016-03-01,Australia,2.0,,,0.0,hold,-50.0
2016-04-01,Australia,2.0,,,0.0,hold,-50.0
2016-05-01,Australia,1.77,,,-23.0,cut,-73.0
2016-06-01,Australia,1.75,,,-2.0,cut,-75.0
2016-07-01,Australia,1.75,,,0.0,hold,-75.0
2016-08-01,Australia,1.52,,,-23.0,cut,-98.0
2016-09-01,Australia,1.5,,,-2.0,cut,-100.0
2016-10-01,Australia,1.5,,,0.0,hold,-100.0
2016-11-01,Australia,1.5,,,0.0,hold,-100.0
2016-12-01,Australia,1.5,,,0.0,hold,-100.0
2017-01-01,Australia,1.5,,,0.0,hold,-100.0
2017-02-01,Australia,1.5,,,0.0,hold,-100.0
2017-03-01,Australia,1.5,,,0.0,hold,-100.0
2017-04-01,Australia,1.5,,,0.0,hold,-100.0
2017-05-01,Australia,1.5,,,0.0,hold,-100.0
2017-06-01,Australia,1.5,,,0.0,hold,-100.0
2017-07-01,Australia,1.5,,,0.0,hold,-100.0
2017-08-01,Australia,1.5,,,0.0,hold,-100.0
2017-09-01,Australia,1.5,,,0.0,hold,-100.0
2017-10-01,Australia,1.5,,,0.0,hold,-100.0
2017-11-01,Australia,1.5,,,0.0,hold,-100.0
2017-12-01,Australia,1.5,,,0.0,hold,-100.0
2018-01-01,Australia,1.5,,,0.0,hold,-100.0
2018-02-01,Australia,1.5,,,0.0,hold,-100.0
2018-03-01,Australia,1.5,,,0.0,hold,-100.0
2018-04-01,Australia,1.5,,,0.0,hold,-100.0
2018-05-01,Australia,1.5,,,0.0,hold,-100.0
2018-06-01,Australia,1.5,,,0.0,hold,-100.0
2018-07-01,Australia,1.5,,,0.0,hold,-100.0
2018-08-01,Australia,1.5,,,0.0,hold,-100.0
2018-09-01,Australia,1.5,,,0.0,hold,-100.0
2018-10-01,Australia,1.5,,,0.0,hold,-100.0
2018-11-01,Australia,1.5,,,0.0,hold,-100.0
2018-12-01,Australia,1.5,,,0.0,hold,-100.0
2019-01-01,Australia,1.5,,,0.0,hold,-100.0
2019-02-01,Australia,1.5,,,0.0,hold,-100.0
2019-03-01,Australia,1.5,,,0.0,hold,-100.0
2019-04-01,Australia,1.5,,,0.0,hold,-100.0
2019-05-01,Australia,1.5,,,0.0,hold,-100.0
2019-06-01,Australia,1.28,,,-22.0,cut,-122.0
2019-07-01,Australia,1.02,,,-26.0,cut,-148.0
2019-08-01,Australia,1.0,,,-2.0,cut,-150.0
2019-09-01,Australia,1.0,,,0.0,hold,-150.0
2019-10-01,Australia,0.76,,,-24.0,cut,-174.0
2019-11-01,Australia,0.75,,,-1.0,cut,-175.0
2019-12-01,Australia,0.75,,,0.0,hold,-175.0
2020-01-01,Australia,0.75,,,0.0,hold,-175.0
2020-02-01,Australia,0.75,,,0.0,hold,-175.0
2020-03-01,Australia,0.43,,,-32.0,cut,-207.0
2020-04-01,Australia,0.25,,,-18.0,cut,-225.0
2020-05-01,Australia,0.25,,,0.0,hold,-225.0
2020-06-01,Australia,0.25,,,0.0,hold,-225.0
2020-07-01,Australia,0.25,,,0.0,hold,-225.0
2020-08-01,Australia,0.25,,,0.0,hold,-225.0
2020-09-01,Australia,0.25,,,0.0,hold,-225.0
2020-10-01,Australia,0.25,,,0.0,hold,-225.0
2020-11-01,Australia,0.11,,,-14.0,cut,-239.0
2020-12-01,Australia,0.1,,,-1.0,cut,-240.0
2021-01-01,Australia,0.1,,,0.0,hold,-240.0
2021-02-01,Australia,0.1,,,0.0,hold,-240.0
2021-03-01,Australia,0.1,,,0.0,hold,-240.0
2021-04-01,Australia,0.1,,,0.0,hold,-240.0
2021-05-01,Australia,0.1,,,0.0,hold,-240.0
2021-06-01,Australia,0.1,,,0.0,hold,-240.0
2021-07-01,Australia,0.1,,,0.0,hold,-240.0
2021-08-01,Australia,0.1,,,0.0,hold,-240.0
2021-09-01,Australia,0.1,,,0.0,hold,-240.0
2021-10-01,Australia,0.1,,,0.0,hold,-240.0
2021-11-01,Australia,0.1,,,0.0,hold,-240.0
2021-12-01,Australia,0.1,,,0.0,hold,-240.0
2022-01-01,Australia,0.1,,,0.0,hold,-240.0
2022-02-01,Australia,0.1,,,0.0,hold,-240.0
2022-03-01,Australia,0.1,,,0.0,hold,-240.0
2022-04-01,Australia,0.1,,,0.0,hold,-240.0
2022-05-01,Australia,0.33,,,23.0,hike,23.0
2022-06-01,Australia,0.73,,,40.0,hike,63.0
2022-07-01,Australia,1.28,,,55.0,hike,118.0
2022-08-01,Australia,1.81,,,53.0,hike,171.0
2022-09-01,Australia,2.25,,,44.0,hike,215.0
2022-10-01,Australia,2.58,,,33.0,hike,248.0
2022-11-01,Australia,2.84,,,26.0,hike,274.0
2022-12-01,Australia,3.05,,,21.0,hike,295.0
2023-01-01,Australia,3.1,,,5.0,hike,300.0
2023-02-01,Australia,3.29,,,19.0,hike,319.0
2023-03-01,Australia,3.54,,,25.0,hike,344.0
2023-04-01,Australia,3.6,,,6.0,hike,350.0
2023-05-01,Australia,3.83,,,23.0,hike,373.0
2023-06-01,Australia,4.05,,,22.0,hike,395.0
2023-07-01,Australia,4.1,,,5.0,hike,400.0
2023-08-01,Australia,4.1,,,0.0,hold,400.0
2023-09-01,Australia,4.1,,,0.0,hold,400.0
2023-10-01,Australia,4.1,,,0.0,hold,400.0
2023-11-01,Australia,4.29,,,19.0,hike,419.0
2023-12-01,Australia,4.35,,,6.0,hike,425.0
2024-01-01,Australia,4.35,,,0.0,hold,425.0
2024-02-01,Australia,4.35,,,0.0,hold,425.0
2024-03-01,Australia,4.35,,,0.0,hold,425.0
2024-04-01,Australia,4.35,,,0.0,hold,425.0
2024-05-01,Australia,4.35,,,0.0,hold,425.0
2024-06-01,Australia,4.35,,,0.0,hold,425.0
2024-07-01,Australia,4.35,,,0.0,hold,425.0
2024-08-01,Australia,4.35,,,0.0,hold,425.0
2024-09-01,Australia,4.35,,,0.0,hold,425.0
2024-10-01,Australia,4.35,,,0.0,hold,425.0
2024-11-01,Australia,4.35,,,0.0,hold,425.0
2024-12-01,Australia,4.35,,,0.0,hold,425.0
2025-01-01,Australia,4.35,,,0.0,hold,425.0
2025-02-01,Australia,4.25,,,-10.0,cut,-10.0
2025-03-01,Australia,4.1,,,-15.0,cut,-25.0
2025-04-01,Australia,4.1,,,0.0,hold,-25.0
2025-05-01,Australia,4.01,,,-9.0,cut,-34.0
2025-06-01,Australia,3.85,,,-16.0,cut,-50.0
2025-07-01,Australia,3.85,,,0.0,hold,-50.0
2025-08-01,Australia,3.7,,,-15.0,cut,-65.0
2025-09-01,Australia,3.6,,,-10.0,cut,-75.0
2025-10-01,Australia,3.6,,,0.0,hold,-75.0
2025-11-01,Australia,3.6,,,0.0,hold,-75.0
2025-12-01,Australia,3.6,,,0.0,hold,-75.0
2026-01-01,Australia,3.6,,,0.0,hold,-75.0
2026-02-01,Australia,3.83,,,23.0,hike,23.0
2026-03-01,Australia,3.96,,,13.0,hike,36.0
2026-04-01,Australia,3.96,,,0.0,hold,36.0
2015-01-01,Brazil,,95.36163,,,,
2015-02-01,Brazil,,96.52494,,,,
2015-03-01,Brazil,,97.79915,,,,
2015-04-01,Brazil,,98.49356,,,,
2015-05-01,Brazil,,99.22231,,,,
2015-06-01,Brazil,,100.0063,,,,
2015-07-01,Brazil,,100.6262,,,,
2015-08-01,Brazil,,100.8476,,,,
2015-09-01,Brazil,,101.3921,,,,
2015-10-01,Brazil,,102.2234,,,,
2015-11-01,Brazil,,103.2558,,,,
2015-12-01,Brazil,,104.247,,,,
2016-01-01,Brazil,,105.5709,,,,
2016-02-01,Brazil,,106.521,,,,
2016-03-01,Brazil,,106.9789,,,,
2016-04-01,Brazil,,107.6316,,,,
2016-05-01,Brazil,,108.471,,,,
2016-06-01,Brazil,,108.8506,,,,
2016-07-01,Brazil,,109.4167,,,,
2016-08-01,Brazil,,109.8981,,,,
2016-09-01,Brazil,,109.9861,,,,
2016-10-01,Brazil,,110.2721,,,,
2016-11-01,Brazil,,110.4707,,,,
2016-12-01,Brazil,,110.802,,,,
2017-01-01,Brazil,,111.2231,,,,
2017-02-01,Brazil,,111.5902,,,,
2017-03-01,Brazil,,111.8691,,,,
2017-04-01,Brazil,,112.0257,,,,
2017-05-01,Brazil,,112.373,,,,
2017-06-01,Brazil,,112.1145,,,,
2017-07-01,Brazil,,112.3837,,,,
2017-08-01,Brazil,,112.5971,,,,
2017-09-01,Brazil,,112.7772,,,,
2017-10-01,Brazil,,113.2509,,,,
2017-11-01,Brazil,,113.5681,,,,
2017-12-01,Brazil,,114.0678,,,,
2018-01-01,Brazil,,114.3987,,,,
2018-02-01,Brazil,,114.7648,,,,
2018-03-01,Brazil,,114.8681,,,,
2018-04-01,Brazil,,115.1207,,,,
2018-05-01,Brazil,,115.5813,,,,
2018-06-01,Brazil,,117.0376,,,,
2018-07-01,Brazil,,117.4239,,,,
2018-08-01,Brazil,,117.3183,,,,
2018-09-01,Brazil,,117.8814,,,,
2018-10-01,Brazil,,118.4118,,,,
2018-11-01,Brazil,,118.1631,,,,
2018-12-01,Brazil,,118.3403,,,,
2019-01-01,Brazil,,118.719,,,,
2019-02-01,Brazil,,119.2294,,,,
2019-03-01,Brazil,,120.1236,,,,
2019-04-01,Brazil,,120.8083,,,,
2019-05-01,Brazil,,120.9653,,,,
2019-06-01,Brazil,,120.9774,,,,
2019-07-01,Brazil,,121.2073,,,,
2019-08-01,Brazil,,121.3407,,,,
2019-09-01,Brazil,,121.2922,,,,
2019-10-01,Brazil,,121.4136,,,,
2019-11-01,Brazil,,122.0328,,,,
2019-12-01,Brazil,,123.4363,,,,
2020-01-01,Brazil,,123.6954,,,,
2020-02-01,Brazil,,124.0047,,,,
2020-03-01,Brazil,,124.0915,,,,
2020-04-01,Brazil,,123.7068,,,,
2020-05-01,Brazil,,123.2367,,,,
2020-06-01,Brazil,,123.5571,,,,
2020-07-01,Brazil,,124.0019,,,,
2020-08-01,Brazil,,124.2996,,,,
2020-09-01,Brazil,,125.0951,,,,
2020-10-01,Brazil,,126.171,,,,
2020-11-01,Brazil,,127.2939,,,,
2020-12-01,Brazil,,129.0124,,,,
2021-01-01,Brazil,,129.3349,,,,
2021-02-01,Brazil,,130.4472,,,,
2021-03-01,Brazil,,131.6604,,,,
2021-04-01,Brazil,,132.0685,,,,
2021-05-01,Brazil,,133.1648,,,,
2021-06-01,Brazil,,133.8705,,,,
2021-07-01,Brazil,,135.1557,,,,
2021-08-01,Brazil,,136.3315,,,,
2021-09-01,Brazil,,137.9129,,,,
2021-10-01,Brazil,,139.6367,,,,
2021-11-01,Brazil,,140.9634,,,,
2021-12-01,Brazil,,141.9924,,,,
2022-01-01,Brazil,,142.7592,,,,
2022-02-01,Brazil,,144.2011,,,,
2022-03-01,Brazil,,146.5372,,,,
2022-04-01,Brazil,,148.0906,,,,
2022-05-01,Brazil,,148.7866,,,,
2022-06-01,Brazil,,149.7836,,,,
2022-07-01,Brazil,,148.765,,,,
2022-08-01,Brazil,,148.2295,,,,
2022-09-01,Brazil,,147.7996,,,,
2022-10-01,Brazil,,148.6718,,,,
2022-11-01,Brazil,,149.2813,,,,
2022-12-01,Brazil,,150.2068,,,,
2023-01-01,Brazil,,151.0028,,,,
2023-02-01,Brazil,,152.2712,,,,
2023-03-01,Brazil,,153.3524,,,,
2023-04-01,Brazil,,154.2878,,,,
2023-05-01,Brazil,,154.6426,,,,
2023-06-01,Brazil,,154.5189,,,,
2023-07-01,Brazil,,154.7043,,,,
2023-08-01,Brazil,,155.0602,,,,
2023-09-01,Brazil,,155.4635,,,,
2023-10-01,Brazil,,155.8365,,,,
2023-11-01,Brazil,,156.2729,,,,
2023-12-01,Brazil,,157.1481,,,,
2024-01-01,Brazil,,157.8082,,,,
2024-02-01,Brazil,,159.1179,,,,
2024-03-01,Brazil,,159.3724,,,,
2024-04-01,Brazil,,159.9779,,,,
2024-05-01,Brazil,,160.7139,,,,
2024-06-01,Brazil,,161.0515,,,,
2024-07-01,Brazil,,161.6635,,,,
2024-08-01,Brazil,,161.6313,,,,
2024-09-01,Brazil,,162.3424,,,,
2024-10-01,Brazil,,163.2514,,,,
2024-11-01,Brazil,,163.888,,,,
2024-12-01,Brazil,,164.7402,,,,
2025-01-01,Brazil,,165.0038,,,,
2025-02-01,Brazil,,167.1655,,,,
2025-03-01,Brazil,,168.1016,,,,
2025-04-01,Brazil,,168.8246,,,,
2015-01-01,Canada,1.0,98.20911,-97.209,,,
2015-02-01,Canada,1.0,99.07822,-98.078,0.0,hold,0.0
2015-03-01,Canada,1.0,99.78931,-98.789,0.0,hold,0.0
2015-04-01,Canada,1.0,99.7103,-98.71,0.0,hold,0.0
2015-05-01,Canada,1.0,100.2634,-99.263,0.0,hold,0.0
2015-06-01,Canada,1.0,100.5004,-99.5,0.0,hold,0.0
2015-07-01,Canada,0.75,100.5794,-99.829,-25.0,cut,-25.0
2015-08-01,Canada,0.75,100.5794,-99.829,0.0,hold,-25.0
2015-09-01,Canada,0.75,100.4214,-99.671,0.0,hold,-25.0
2015-10-01,Canada,0.75,100.5004,-99.75,0.0,hold,-25.0
2015-11-01,Canada,0.75,100.4214,-99.671,0.0,hold,-25.0
2015-12-01,Canada,0.75,99.94733,-99.197,0.0,hold,-25.0
2016-01-01,Canada,0.75,100.1844,-99.434,0.0,hold,-25.0
2016-02-01,Canada,0.75,100.4214,-99.671,0.0,hold,-25.0
2016-03-01,Canada,0.75,101.0535,-100.304,0.0,hold,-25.0
2016-04-01,Canada,0.75,101.3695,-100.62,0.0,hold,-25.0
2016-05-01,Canada,0.75,101.7645,-101.014,0.0,hold,-25.0
2016-06-01,Canada,0.75,102.0016,-101.252,0.0,hold,-25.0
2016-07-01,Canada,0.75,101.8436,-101.094,0.0,hold,-25.0
2016-08-01,Canada,0.75,101.6855,-100.936,0.0,hold,-25.0
2016-09-01,Canada,0.75,101.7645,-101.014,0.0,hold,-25.0
2016-10-01,Canada,0.75,102.0016,-101.252,0.0,hold,-25.0
2016-11-01,Canada,0.75,101.6065,-100.856,0.0,hold,-25.0
2016-12-01,Canada,0.75,101.4485,-100.698,0.0,hold,-25.0
2017-01-01,Canada,0.75,102.3176,-101.568,0.0,hold,-25.0
2017-02-01,Canada,0.75,102.4756,-101.726,0.0,hold,-25.0
2017-03-01,Canada,0.75,102.6337,-101.884,0.0,hold,-25.0
2017-04-01,Canada,0.75,103.0287,-102.279,0.0,hold,-25.0
2017-05-01,Canada,0.75,103.1077,-102.358,0.0,hold,-25.0
2017-06-01,Canada,0.75,103.0287,-102.279,0.0,hold,-25.0
2017-07-01,Canada,1.0,103.0287,-102.029,25.0,hike,25.0
2017-08-01,Canada,1.0,103.1077,-102.108,0.0,hold,25.0
2017-09-01,Canada,1.25,103.3447,-102.095,25.0,hike,50.0
2017-10-01,Canada,1.25,103.4238,-102.174,0.0,hold,50.0
2017-11-01,Canada,1.25,103.7398,-102.49,0.0,hold,50.0
2017-12-01,Canada,1.25,103.3447,-102.095,0.0,hold,50.0
2018-01-01,Canada,1.5,104.0558,-102.556,25.0,hike,75.0
2018-02-01,Canada,1.5,104.6879,-103.188,0.0,hold,75.0
2018-03-01,Canada,1.5,105.004,-103.504,0.0,hold,75.0
2018-04-01,Canada,1.5,105.32,-103.82,0.0,hold,75.0
2018-05-01,Canada,1.5,105.399,-103.899,0.0,hold,75.0
2018-06-01,Canada,1.5,105.557,-104.057,0.0,hold,75.0
2018-07-01,Canada,1.75,106.1101,-104.36,25.0,hike,100.0
2018-08-01,Canada,1.75,106.0311,-104.281,0.0,hold,100.0
2018-09-01,Canada,1.75,105.636,-103.886,0.0,hold,100.0
2018-10-01,Canada,2.0,105.9521,-103.952,25.0,hike,125.0
2018-11-01,Canada,2.0,105.478,-103.478,0.0,hold,125.0
2018-12-01,Canada,2.0,105.399,-103.399,0.0,hold,125.0
2019-01-01,Canada,2.0,105.557,-103.557,0.0,hold,125.0
2019-02-01,Canada,2.0,106.2681,-104.268,0.0,hold,125.0
2019-03-01,Canada,2.0,106.9792,-104.979,0.0,hold,125.0
2019-04-01,Canada,2.0,107.4533,-105.453,0.0,hold,125.0
2019-05-01,Canada,2.0,107.9273,-105.927,0.0,hold,125.0
2019-06-01,Canada,2.0,107.6903,-105.69,0.0,hold,125.0
2019-07-01,Canada,2.0,108.2433,-106.243,0.0,hold,125.0
2019-08-01,Canada,2.0,108.0853,-106.085,0.0,hold,125.0
2019-09-01,Canada,2.0,107.6113,-105.611,0.0,hold,125.0
2019-10-01,Canada,2.0,107.9273,-105.927,0.0,hold,125.0
2019-11-01,Canada,2.0,107.7693,-105.769,0.0,hold,125.0
2019-12-01,Canada,2.0,107.7693,-105.769,0.0,hold,125.0
2020-01-01,Canada,2.0,108.0853,-106.085,0.0,hold,125.0
2020-02-01,Canada,2.0,108.5594,-106.559,0.0,hold,125.0
2020-03-01,Canada,1.0,107.9273,-106.927,-100.0,cut,-100.0
2020-04-01,Canada,0.5,107.2162,-106.716,-50.0,cut,-150.0
2020-05-01,Canada,0.5,107.5323,-107.032,0.0,hold,-150.0
2020-06-01,Canada,0.5,108.4014,-107.901,0.0,hold,-150.0
2020-07-01,Canada,0.5,108.4014,-107.901,0.0,hold,-150.0
2020-08-01,Canada,0.5,108.2433,-107.743,0.0,hold,-150.0
2020-09-01,Canada,0.5,108.1643,-107.664,0.0,hold,-150.0
2020-10-01,Canada,0.5,108.6384,-108.138,0.0,hold,-150.0
2020-11-01,Canada,0.5,108.7964,-108.296,0.0,hold,-150.0
2020-12-01,Canada,0.5,108.5594,-108.059,0.0,hold,-150.0
2021-01-01,Canada,0.5,109.1915,-108.692,0.0,hold,-150.0
2021-02-01,Canada,0.5,109.7445,-109.244,0.0,hold,-150.0
2021-03-01,Canada,0.5,110.2976,-109.798,0.0,hold,-150.0
2021-04-01,Canada,0.5,110.8507,-110.351,0.0,hold,-150.0
2021-05-01,Canada,0.5,111.4037,-110.904,0.0,hold,-150.0
2021-06-01,Canada,0.5,111.7198,-111.22,0.0,hold,-150.0
2021-07-01,Canada,0.5,112.4309,-111.931,0.0,hold,-150.0
2021-08-01,Canada,0.5,112.6679,-112.168,0.0,hold,-150.0
2021-09-01,Canada,0.5,112.9049,-112.405,0.0,hold,-150.0
2021-10-01,Canada,0.5,113.695,-113.195,0.0,hold,-150.0
2021-11-01,Canada,0.5,113.9321,-113.432,0.0,hold,-150.0
2021-12-01,Canada,0.5,113.774,-113.274,0.0,hold,-150.0
2022-01-01,Canada,0.5,114.8012,-114.301,0.0,hold,-150.0
2022-02-01,Canada,0.5,115.9863,-115.486,0.0,hold,-150.0
2022-03-01,Canada,0.75,117.6455,-116.896,25.0,hike,25.0
2022-04-01,Canada,1.25,118.3566,-117.107,50.0,hike,75.0
2022-05-01,Canada,1.25,120.0158,-118.766,0.0,hold,75.0
2022-06-01,Canada,1.75,120.8059,-119.056,50.0,hike,125.0
2022-07-01,Canada,2.75,120.9639,-118.214,100.0,hike,225.0
2022-08-01,Canada,2.75,120.5689,-117.819,0.0,hold,225.0
2022-09-01,Canada,3.5,120.6479,-117.148,75.0,hike,300.0
2022-10-01,Canada,3.5,121.517,-118.017,0.0,hold,300.0
2022-11-01,Canada,4.0,121.675,-117.675,50.0,hike,350.0
2022-12-01,Canada,4.5,120.9639,-116.464,50.0,hike,400.0
2023-01-01,Canada,4.5,121.596,-117.096,0.0,hold,400.0
2023-02-01,Canada,4.75,122.0701,-117.32,25.0,hike,425.0
2023-03-01,Canada,4.75,122.7021,-117.952,0.0,hold,425.0
2023-04-01,Canada,4.75,123.5712,-118.821,0.0,hold,425.0
2023-05-01,Canada,4.75,124.0453,-119.295,0.0,hold,425.0
2023-06-01,Canada,5.0,124.2033,-119.203,25.0,hike,450.0
2023-07-01,Canada,5.25,124.9144,-119.664,25.0,hike,475.0
2023-08-01,Canada,5.25,125.3885,-120.138,0.0,hold,475.0
2023-09-01,Canada,5.25,125.2304,-119.98,0.0,hold,475.0
2023-10-01,Canada,5.25,125.3095,-120.06,0.0,hold,475.0
2023-11-01,Canada,5.25,125.4675,-120.218,0.0,hold,475.0
2023-12-01,Canada,5.25,125.0724,-119.822,0.0,hold,475.0
2024-01-01,Canada,5.25,125.0724,-119.822,0.0,hold,475.0
2024-02-01,Canada,5.25,125.4675,-120.218,0.0,hold,475.0
2024-03-01,Canada,5.25,126.2576,-121.008,0.0,hold,475.0
2024-04-01,Canada,5.25,126.8896,-121.64,0.0,hold,475.0
2024-05-01,Canada,5.25,127.6007,-122.351,0.0,hold,475.0
2024-06-01,Canada,5.25,127.5217,-122.272,0.0,hold,475.0
2024-07-01,Canada,5.25,128.0748,-122.825,0.0,hold,475.0
2024-08-01,Canada,5.25,127.8378,-122.588,0.0,hold,475.0
2024-09-01,Canada,5.25,127.2847,-122.035,0.0,hold,475.0
2024-10-01,Canada,5.25,127.8378,-122.588,0.0,hold,475.0
2024-11-01,Canada,5.25,127.8378,-122.588,0.0,hold,475.0
2024-12-01,Canada,5.25,127.3637,-122.114,0.0,hold,475.0
2025-01-01,Canada,5.25,127.4427,-122.193,0.0,hold,475.0
2025-02-01,Canada,5.25,128.7859,-123.536,0.0,hold,475.0
2025-03-01,Canada,5.25,129.1809,-123.931,0.0,hold,475.0
2025-04-01,Canada,5.25,,,0.0,hold,475.0
2025-05-01,Canada,5.25,,,0.0,hold,475.0
2025-06-01,Canada,5.25,,,0.0,hold,475.0
2025-07-01,Canada,5.25,,,0.0,hold,475.0
2025-08-01,Canada,5.25,,,0.0,hold,475.0
2025-09-01,Canada,5.25,,,0.0,hold,475.0
2025-10-01,Canada,5.25,,,0.0,hold,475.0
2025-11-01,Canada,5.25,,,0.0,hold,475.0
2025-12-01,Canada,5.25,,,0.0,hold,475.0
2026-01-01,Canada,5.25,,,0.0,hold,475.0
2026-02-01,Canada,5.25,,,0.0,hold,475.0
2026-03-01,Canada,5.25,,,0.0,hold,475.0
2026-04-01,Canada,5.25,,,0.0,hold,475.0
2015-01-01,Eurozone,-0.2,98.24,-98.44,,,
2015-02-01,Eurozone,-0.2,98.85,-99.05,0.0,hold,0.0
2015-03-01,Eurozone,-0.2,100.0,-100.2,0.0,hold,0.0
2015-04-01,Eurozone,-0.2,100.43,-100.63,0.0,hold,0.0
2015-05-01,Eurozone,-0.2,100.71,-100.91,0.0,hold,0.0
2015-06-01,Eurozone,-0.2,100.72,-100.92,0.0,hold,0.0
2015-07-01,Eurozone,-0.2,100.11,-100.31,0.0,hold,0.0
2015-08-01,Eurozone,-0.2,100.12,-100.32,0.0,hold,0.0
2015-09-01,Eurozone,-0.2,100.32,-100.52,0.0,hold,0.0
2015-10-01,Eurozone,-0.2,100.45,-100.65,0.0,hold,0.0
2015-11-01,Eurozone,-0.2,100.01,-100.21,0.0,hold,0.0
2015-12-01,Eurozone,-0.27,100.03,-100.3,-7.0,cut,-7.0
2016-01-01,Eurozone,-0.3,98.56,-98.86,-3.0,cut,-10.0
2016-02-01,Eurozone,-0.3,98.73,-99.03,0.0,hold,-10.0
2016-03-01,Eurozone,-0.35,99.96,-100.31,-5.0,cut,-15.0
2016-04-01,Eurozone,-0.4,100.17,-100.57,-5.0,cut,-20.0
2016-05-01,Eurozone,-0.4,100.59,-100.99,0.0,hold,-20.0
2016-06-01,Eurozone,-0.4,100.77,-101.17,0.0,hold,-20.0
2016-07-01,Eurozone,-0.4,100.28,-100.68,0.0,hold,-20.0
2016-08-01,Eurozone,-0.4,100.34,-100.74,0.0,hold,-20.0
2016-09-01,Eurozone,-0.4,100.72,-101.12,0.0,hold,-20.0
2016-10-01,Eurozone,-0.4,100.96,-101.36,0.0,hold,-20.0
2016-11-01,Eurozone,-0.4,100.6,-101.0,0.0,hold,-20.0
2016-12-01,Eurozone,-0.4,101.13,-101.53,0.0,hold,-20.0
2017-01-01,Eurozone,-0.4,100.26,-100.66,0.0,hold,-20.0
2017-02-01,Eurozone,-0.4,100.66,-101.06,0.0,hold,-20.0
2017-03-01,Eurozone,-0.4,101.49,-101.89,0.0,hold,-20.0
2017-04-01,Eurozone,-0.4,102.07,-102.47,0.0,hold,-20.0
2017-05-01,Eurozone,-0.4,101.98,-102.38,0.0,hold,-20.0
2017-06-01,Eurozone,-0.4,102.08,-102.48,0.0,hold,-20.0
2017-07-01,Eurozone,-0.4,101.62,-102.02,0.0,hold,-20.0
2017-08-01,Eurozone,-0.4,101.89,-102.29,0.0,hold,-20.0
2017-09-01,Eurozone,-0.4,102.29,-102.69,0.0,hold,-20.0
2017-10-01,Eurozone,-0.4,102.34,-102.74,0.0,hold,-20.0
2017-11-01,Eurozone,-0.4,102.14,-102.54,0.0,hold,-20.0
2017-12-01,Eurozone,-0.4,102.49,-102.89,0.0,hold,-20.0
2018-01-01,Eurozone,-0.4,101.56,-101.96,0.0,hold,-20.0
2018-02-01,Eurozone,-0.4,101.78,-102.18,0.0,hold,-20.0
2018-03-01,Eurozone,-0.4,102.91,-103.31,0.0,hold,-20.0
2018-04-01,Eurozone,-0.4,103.32,-103.72,0.0,hold,-20.0
2018-05-01,Eurozone,-0.4,103.97,-104.37,0.0,hold,-20.0
2018-06-01,Eurozone,-0.4,104.09,-104.49,0.0,hold,-20.0
2018-07-01,Eurozone,-0.4,103.85,-104.25,0.0,hold,-20.0
2018-08-01,Eurozone,-0.4,104.01,-104.41,0.0,hold,-20.0
2018-09-01,Eurozone,-0.4,104.42,-104.82,0.0,hold,-20.0
2018-10-01,Eurozone,-0.4,104.68,-105.08,0.0,hold,-20.0
2018-11-01,Eurozone,-0.4,104.1,-104.5,0.0,hold,-20.0
2018-12-01,Eurozone,-0.4,104.05,-104.45,0.0,hold,-20.0
2019-01-01,Eurozone,-0.4,102.97,-103.37,0.0,hold,-20.0
2019-02-01,Eurozone,-0.4,103.3,-103.7,0.0,hold,-20.0
2019-03-01,Eurozone,-0.4,104.35,-104.75,0.0,hold,-20.0
2019-04-01,Eurozone,-0.4,105.1,-105.5,0.0,hold,-20.0
2019-05-01,Eurozone,-0.4,105.24,-105.64,0.0,hold,-20.0
2019-06-01,Eurozone,-0.4,105.41,-105.81,0.0,hold,-20.0
2019-07-01,Eurozone,-0.4,104.91,-105.31,0.0,hold,-20.0
2019-08-01,Eurozone,-0.4,105.06,-105.46,0.0,hold,-20.0
2019-09-01,Eurozone,-0.44,105.29,-105.73,-4.0,cut,-24.0
2019-10-01,Eurozone,-0.5,105.44,-105.94,-6.0,cut,-30.0
2019-11-01,Eurozone,-0.5,105.1,-105.6,0.0,hold,-30.0
2019-12-01,Eurozone,-0.5,105.43,-105.93,0.0,hold,-30.0
2020-01-01,Eurozone,-0.5,104.37,-104.87,0.0,hold,-30.0
2020-02-01,Eurozone,-0.5,104.56,-105.06,0.0,hold,-30.0
2020-03-01,Eurozone,-0.5,105.13,-105.63,0.0,hold,-30.0
2020-04-01,Eurozone,-0.5,105.43,-105.93,0.0,hold,-30.0
2020-05-01,Eurozone,-0.5,105.33,-105.83,0.0,hold,-30.0
2020-06-01,Eurozone,-0.5,105.69,-106.19,0.0,hold,-30.0
2020-07-01,Eurozone,-0.5,105.32,-105.82,0.0,hold,-30.0
2020-08-01,Eurozone,-0.5,104.88,-105.38,0.0,hold,-30.0
2020-09-01,Eurozone,-0.5,104.96,-105.46,0.0,hold,-30.0
2020-10-01,Eurozone,-0.5,105.15,-105.65,0.0,hold,-30.0
2020-11-01,Eurozone,-0.5,104.8,-105.3,0.0,hold,-30.0
2020-12-01,Eurozone,-0.5,105.15,-105.65,0.0,hold,-30.0
2021-01-01,Eurozone,-0.5,105.32,-105.82,0.0,hold,-30.0
2021-02-01,Eurozone,-0.5,105.54,-106.04,0.0,hold,-30.0
2021-03-01,Eurozone,-0.5,106.53,-107.03,0.0,hold,-30.0
2021-04-01,Eurozone,-0.5,107.14,-107.64,0.0,hold,-30.0
2021-05-01,Eurozone,-0.5,107.42,-107.92,0.0,hold,-30.0
2021-06-01,Eurozone,-0.5,107.7,-108.2,0.0,hold,-30.0
2021-07-01,Eurozone,-0.5,107.6,-108.1,0.0,hold,-30.0
2021-08-01,Eurozone,-0.5,107.98,-108.48,0.0,hold,-30.0
2021-09-01,Eurozone,-0.5,108.49,-108.99,0.0,hold,-30.0
2021-10-01,Eurozone,-0.5,109.41,-109.91,0.0,hold,-30.0
2021-11-01,Eurozone,-0.5,109.9,-110.4,0.0,hold,-30.0
2021-12-01,Eurozone,-0.5,110.37,-110.87,0.0,hold,-30.0
2022-01-01,Eurozone,-0.5,110.7,-111.2,0.0,hold,-30.0
2022-02-01,Eurozone,-0.5,111.74,-112.24,0.0,hold,-30.0
2022-03-01,Eurozone,-0.5,114.46,-114.96,0.0,hold,-30.0
2022-04-01,Eurozone,-0.5,115.11,-115.61,0.0,hold,-30.0
2022-05-01,Eurozone,-0.5,116.07,-116.57,0.0,hold,-30.0
2022-06-01,Eurozone,-0.5,117.01,-117.51,0.0,hold,-30.0
2022-07-01,Eurozone,-0.42,117.14,-117.56,8.0,hike,8.0
2022-08-01,Eurozone,0.0,117.85,-117.85,42.0,hike,50.0
2022-09-01,Eurozone,0.43,119.26,-118.83,43.0,hike,93.0
2022-10-01,Eurozone,0.75,121.03,-120.28,32.0,hike,125.0
2022-11-01,Eurozone,1.48,120.95,-119.47,73.0,hike,198.0
2022-12-01,Eurozone,1.68,120.52,-118.84,20.0,hike,218.0
2023-01-01,Eurozone,2.0,120.27,-118.27,32.0,hike,250.0
2023-02-01,Eurozone,2.38,121.24,-118.86,38.0,hike,288.0
2023-03-01,Eurozone,2.66,122.34,-119.68,28.0,hike,316.0
2023-04-01,Eurozone,3.0,123.11,-120.11,34.0,hike,350.0
2023-05-01,Eurozone,3.18,123.14,-119.96,18.0,hike,368.0
2023-06-01,Eurozone,3.33,123.45,-120.12,15.0,hike,383.0
2023-07-01,Eurozone,3.5,123.32,-119.82,17.0,hike,400.0
2023-08-01,Eurozone,3.74,124.0,-120.26,24.0,hike,424.0
2023-09-01,Eurozone,3.84,124.4,-120.56,10.0,hike,434.0
2023-10-01,Eurozone,4.0,124.51,-120.51,16.0,hike,450.0
2023-11-01,Eurozone,4.0,123.82,-119.82,0.0,hold,450.0
2023-12-01,Eurozone,4.0,124.02,-120.02,0.0,hold,450.0
2024-01-01,Eurozone,4.0,123.58,-119.58,0.0,hold,450.0
2024-02-01,Eurozone,4.0,124.35,-120.35,0.0,hold,450.0
2024-03-01,Eurozone,4.0,125.29,-121.29,0.0,hold,450.0
2024-04-01,Eurozone,4.0,126.01,-122.01,0.0,hold,450.0
2024-05-01,Eurozone,4.0,126.28,-122.28,0.0,hold,450.0
2024-06-01,Eurozone,3.84,126.55,-122.71,-16.0,cut,-16.0
2024-07-01,Eurozone,3.75,126.5,-122.75,-9.0,cut,-25.0
2024-08-01,Eurozone,3.75,126.67,-122.92,0.0,hold,-25.0
2024-09-01,Eurozone,3.64,126.56,-122.92,-11.0,cut,-36.0
2024-10-01,Eurozone,3.43,126.99,-123.56,-21.0,cut,-57.0
2024-11-01,Eurozone,3.25,126.58,-123.33,-18.0,cut,-75.0
2024-12-01,Eurozone,3.14,127.03,-123.89,-11.0,cut,-86.0
2025-01-01,Eurozone,3.0,126.67,-123.67,-14.0,cut,-100.0
2025-02-01,Eurozone,2.79,127.22,-124.43,-21.0,cut,-121.0
2025-03-01,Eurozone,2.59,127.99,-125.4,-20.0,cut,-141.0
2025-04-01,Eurozone,2.43,128.72,-126.29,-16.0,cut,-157.0
2025-05-01,Eurozone,2.25,128.64,-126.39,-18.0,cut,-175.0
2025-06-01,Eurozone,2.08,129.03,-126.95,-17.0,cut,-192.0
2025-07-01,Eurozone,2.0,129.05,-127.05,-8.0,cut,-200.0
2025-08-01,Eurozone,2.0,129.24,-127.24,0.0,hold,-200.0
2025-09-01,Eurozone,2.0,129.36,-127.36,0.0,hold,-200.0
2025-10-01,Eurozone,2.0,129.64,-127.64,0.0,hold,-200.0
2025-11-01,Eurozone,2.0,129.25,-127.25,0.0,hold,-200.0
2025-12-01,Eurozone,2.0,129.49,-127.49,0.0,hold,-200.0
2026-01-01,Eurozone,2.0,,,0.0,hold,-200.0
2026-02-01,Eurozone,2.0,,,0.0,hold,-200.0
2026-03-01,Eurozone,2.0,,,0.0,hold,-200.0
2026-04-01,Eurozone,2.0,,,0.0,hold,-200.0
2015-01-01,India,8.85,97.1629,-88.313,,,
2015-02-01,India,8.75,96.78036,-88.03,-10.0,cut,-10.0
2015-03-01,India,8.5,97.1629,-88.663,-25.0,cut,-35.0
2015-04-01,India,8.5,97.92796,-89.428,0.0,hold,-35.0
2015-05-01,India,8.5,98.69302,-90.193,0.0,hold,-35.0
2015-06-01,India,8.25,99.84061,-91.591,-25.0,cut,-60.0
2015-07-01,India,8.25,100.6057,-92.356,0.0,hold,-60.0
2015-08-01,India,8.25,100.9882,-92.738,0.0,hold,-60.0
2015-09-01,India,8.25,101.7533,-93.503,0.0,hold,-60.0
2015-10-01,India,7.75,102.9009,-95.151,-50.0,cut,-110.0
2015-11-01,India,7.75,103.2834,-95.533,0.0,hold,-110.0
2015-12-01,India,7.75,102.9009,-95.151,0.0,hold,-110.0
2016-01-01,India,7.75,102.9009,-95.151,0.0,hold,-110.0
2016-02-01,India,7.75,102.1358,-94.386,0.0,hold,-110.0
2016-03-01,India,7.75,102.5183,-94.768,0.0,hold,-110.0
2016-04-01,India,7.15,103.6659,-96.516,-60.0,cut,-170.0
2016-05-01,India,7.0,105.196,-98.196,-15.0,cut,-185.0
2016-06-01,India,7.0,105.9611,-98.961,0.0,hold,-185.0
2016-07-01,India,7.0,107.1087,-100.109,0.0,hold,-185.0
2016-08-01,India,7.0,106.3436,-99.344,0.0,hold,-185.0
2016-09-01,India,7.0,105.9611,-98.961,0.0,hold,-185.0
2016-10-01,India,6.75,106.3436,-99.594,-25.0,cut,-210.0
2016-11-01,India,6.75,105.9611,-99.211,0.0,hold,-210.0
2016-12-01,India,6.75,105.196,-98.446,0.0,hold,-210.0
2017-01-01,India,6.75,104.8135,-98.064,0.0,hold,-210.0
2017-02-01,India,6.75,104.8135,-98.064,0.0,hold,-210.0
2017-03-01,India,6.75,105.196,-98.446,0.0,hold,-210.0
2017-04-01,India,6.5,105.9611,-99.461,-25.0,cut,-235.0
2017-05-01,India,6.5,106.3436,-99.844,0.0,hold,-235.0
2017-06-01,India,6.5,107.1087,-100.609,0.0,hold,-235.0
2017-07-01,India,6.5,109.0214,-102.521,0.0,hold,-235.0
2017-08-01,India,6.25,109.0214,-102.771,-25.0,cut,-260.0
2017-09-01,India,6.25,109.0214,-102.771,0.0,hold,-260.0
2017-10-01,India,6.25,109.7864,-103.536,0.0,hold,-260.0
2017-11-01,India,6.25,110.169,-103.919,0.0,hold,-260.0
2017-12-01,India,6.25,109.4039,-103.154,0.0,hold,-260.0
2018-01-01,India,6.25,110.169,-103.919,0.0,hold,-260.0
2018-02-01,India,6.25,109.7864,-103.536,0.0,hold,-260.0
2018-03-01,India,6.25,109.7864,-103.536,0.0,hold,-260.0
2018-04-01,India,6.25,110.169,-103.919,0.0,hold,-260.0
2018-05-01,India,6.25,110.5515,-104.302,0.0,hold,-260.0
2018-06-01,India,6.45,111.3165,-104.866,20.0,hike,20.0
2018-07-01,India,6.5,115.1419,-108.642,5.0,hike,25.0
2018-08-01,India,6.75,115.1419,-108.392,25.0,hike,50.0
2018-09-01,India,6.75,115.1419,-108.392,0.0,hold,50.0
2018-10-01,India,6.75,115.5244,-108.774,0.0,hold,50.0
2018-11-01,India,6.75,115.5244,-108.774,0.0,hold,50.0
2018-12-01,India,6.75,115.1419,-108.392,0.0,hold,50.0
2019-01-01,India,6.75,117.437,-110.687,0.0,hold,50.0
2019-02-01,India,6.5625,117.437,-110.874,-18.8,cut,-18.8
2019-03-01,India,6.5,118.2021,-111.702,-6.2,cut,-25.0
2019-04-01,India,6.25,119.3497,-113.1,-25.0,cut,-50.0
2019-05-01,India,6.25,120.1148,-113.865,0.0,hold,-50.0
2019-06-01,India,6.0,120.8798,-114.88,-25.0,cut,-75.0
2019-07-01,India,6.0,122.0274,-116.027,0.0,hold,-75.0
2019-08-01,India,5.72,122.4099,-116.69,-28.0,cut,-103.0
2019-09-01,India,5.65,123.175,-117.525,-7.0,cut,-110.0
2019-10-01,India,5.4,124.3226,-118.923,-25.0,cut,-135.0
2019-11-01,India,5.4,125.4702,-120.07,0.0,hold,-135.0
2019-12-01,India,5.4,126.2353,-120.835,0.0,hold,-135.0
2020-01-01,India,5.4,126.2353,-120.835,0.0,hold,-135.0
2020-02-01,India,5.4,125.4702,-120.07,0.0,hold,-135.0
2020-03-01,India,5.21,124.7051,-119.495,-19.0,cut,-154.0
2020-04-01,India,4.65,125.8527,-121.203,-56.0,cut,-210.0
2020-05-01,India,4.49,126.2353,-121.745,-16.0,cut,-226.0
2020-06-01,India,4.25,127.0003,-122.75,-24.0,cut,-250.0
2020-07-01,India,4.25,128.5304,-124.28,0.0,hold,-250.0
2020-08-01,India,4.25,129.2955,-125.046,0.0,hold,-250.0
2020-09-01,India,4.25,130.1179,-125.868,0.0,hold,-250.0
2020-10-01,India,4.25,131.6603,-127.41,0.0,hold,-250.0
2020-11-01,India,2.25,132.101,-129.851,-200.0,cut,-450.0
2020-12-01,India,4.25,130.8891,-126.639,200.0,hike,200.0
2021-01-01,India,4.25,130.22799999999998,-125.978,0.0,hold,200.0
2021-02-01,India,4.25,131.1094,-126.859,0.0,hold,200.0
2021-03-01,India,4.25,131.7705,-127.52,0.0,hold,200.0
2021-04-01,India,4.25,132.3214,-128.071,0.0,hold,200.0
2021-05-01,India,4.25,132.8723,-128.622,0.0,hold,200.0
2021-06-01,India,4.25,134.0842,-129.834,0.0,hold,200.0
2021-07-01,India,4.25,135.2961,-131.046,0.0,hold,200.0
2021-08-01,India,4.25,135.5165,-131.266,0.0,hold,200.0
2021-09-01,India,4.25,135.847,-131.597,0.0,hold,200.0
2021-10-01,India,4.25,137.6098,-133.36,0.0,hold,200.0
2021-11-01,India,4.25,138.4912,-134.241,0.0,hold,200.0
2021-12-01,India,4.25,138.1607,-133.911,0.0,hold,200.0
2022-01-01,India,4.25,137.8302,-133.58,0.0,hold,200.0
2022-02-01,India,4.25,137.72,-133.47,0.0,hold,200.0
2022-03-01,India,4.25,138.8218,-134.572,0.0,hold,200.0
2022-04-01,India,4.25,140.6947,-136.445,0.0,hold,200.0
2022-05-01,India,4.65,142.127,-137.477,40.0,hike,240.0
2022-06-01,India,5.03,142.3474,-137.317,38.0,hike,278.0
2022-07-01,India,5.15,143.1186,-137.969,12.0,hike,290.0
2022-08-01,India,5.65,143.4492,-137.799,50.0,hike,340.0
2022-09-01,India,5.75,144.6611,-138.911,10.0,hike,350.0
2022-10-01,India,6.15,145.9832,-139.833,40.0,hike,390.0
2022-11-01,India,6.15,145.9832,-139.833,0.0,hold,390.0
2022-12-01,India,6.43,145.7628,-139.333,28.0,hike,418.0
2023-01-01,India,6.5,146.3137,-139.814,7.0,hike,425.0
2023-02-01,India,6.69,146.2036,-139.514,19.0,hike,444.0
2023-03-01,India,6.75,146.8646,-140.115,6.0,hike,450.0
2023-04-01,India,6.75,147.8562,-141.106,0.0,hold,450.0
2023-05-01,India,6.75,148.4071,-141.657,0.0,hold,450.0
2023-06-01,India,6.75,150.2801,-143.53,0.0,hold,450.0
2023-07-01,India,6.75,153.9159,-147.166,0.0,hold,450.0
2023-08-01,India,6.75,153.365,-146.615,0.0,hold,450.0
2023-09-01,India,6.75,151.49200000000002,-144.742,0.0,hold,450.0
2023-10-01,India,6.75,152.4836,-145.734,0.0,hold,450.0
2023-11-01,India,6.75,153.2548,-146.505,0.0,hold,450.0
2023-12-01,India,6.75,152.9243,-146.174,0.0,hold,450.0
2024-01-01,India,6.75,153.0345,-146.284,0.0,hold,450.0
2024-02-01,India,6.75,153.365,-146.615,0.0,hold,450.0
2024-03-01,India,6.75,153.0345,-146.284,0.0,hold,450.0
2024-04-01,India,6.75,153.5853,-146.835,0.0,hold,450.0
2024-05-01,India,6.75,154.1362,-147.386,0.0,hold,450.0
2024-06-01,India,6.75,155.7889,-149.039,0.0,hold,450.0
2024-07-01,India,6.75,157.2212,-150.471,0.0,hold,450.0
2024-08-01,India,6.75,157.111,-150.361,0.0,hold,450.0
2024-09-01,India,6.75,157.8822,-151.132,0.0,hold,450.0
2024-10-01,India,6.75,159.2043,-152.454,0.0,hold,450.0
2024-11-01,India,6.75,159.2043,-152.454,0.0,hold,450.0
2024-12-01,India,6.75,158.3229,-151.573,0.0,hold,450.0
2025-01-01,India,6.75,157.77200000000002,-151.022,0.0,hold,450.0
2025-02-01,India,6.75,157.3313,-150.581,0.0,hold,450.0
2025-03-01,India,6.75,157.5517,-150.802,0.0,hold,450.0
2025-04-01,India,6.75,,,0.0,hold,450.0
2025-05-01,India,6.75,,,0.0,hold,450.0
2025-06-01,India,6.75,,,0.0,hold,450.0
2025-07-01,India,6.75,,,0.0,hold,450.0
2025-08-01,India,6.75,,,0.0,hold,450.0
2025-09-01,India,6.75,,,0.0,hold,450.0
2025-10-01,India,6.75,,,0.0,hold,450.0
2025-11-01,India,6.75,,,0.0,hold,450.0
2025-12-01,India,6.75,,,0.0,hold,450.0
2026-01-01,India,6.75,,,0.0,hold,450.0
2026-02-01,India,6.75,,,0.0,hold,450.0
2026-03-01,India,6.75,,,0.0,hold,450.0
2026-04-01,India,6.75,,,0.0,hold,450.0
2015-01-01,Japan,0.3,99.56732,-99.267,,,
2015-02-01,Japan,0.3,99.36371,-99.064,0.0,hold,0.0
2015-03-01,Japan,0.3,99.66913,-99.369,0.0,hold,0.0
2015-04-01,Japan,0.3,100.1782,-99.878,0.0,hold,0.0
2015-05-01,Japan,0.3,100.4836,-100.184,0.0,hold,0.0
2015-06-01,Japan,0.3,100.1782,-99.878,0.0,hold,0.0
2015-07-01,Japan,0.3,100.0764,-99.776,0.0,hold,0.0
2015-08-01,Japan,0.3,100.1782,-99.878,0.0,hold,0.0
2015-09-01,Japan,0.3,100.28,-99.98,0.0,hold,0.0
2015-10-01,Japan,0.3,100.28,-99.98,0.0,hold,0.0
2015-11-01,Japan,0.3,99.87274,-99.573,0.0,hold,0.0
2015-12-01,Japan,0.3,99.87274,-99.573,0.0,hold,0.0
2016-01-01,Japan,0.3,99.46552,-99.166,0.0,hold,0.0
2016-02-01,Japan,0.3,99.56732,-99.267,0.0,hold,0.0
2016-03-01,Japan,0.3,99.66913,-99.369,0.0,hold,0.0
2016-04-01,Japan,0.3,99.87274,-99.573,0.0,hold,0.0
2016-05-01,Japan,0.3,99.97455,-99.675,0.0,hold,0.0
2016-06-01,Japan,0.3,99.87274,-99.573,0.0,hold,0.0
2016-07-01,Japan,0.3,99.66913,-99.369,0.0,hold,0.0
2016-08-01,Japan,0.3,99.66913,-99.369,0.0,hold,0.0
2016-09-01,Japan,0.3,99.77094,-99.471,0.0,hold,0.0
2016-10-01,Japan,0.3,100.3818,-100.082,0.0,hold,0.0
2016-11-01,Japan,0.3,100.3818,-100.082,0.0,hold,0.0
2016-12-01,Japan,0.3,100.1782,-99.878,0.0,hold,0.0
2017-01-01,Japan,0.3,99.97455,-99.675,0.0,hold,0.0
2017-02-01,Japan,0.3,99.87274,-99.573,0.0,hold,0.0
2017-03-01,Japan,0.3,99.87274,-99.573,0.0,hold,0.0
2017-04-01,Japan,0.3,100.28,-99.98,0.0,hold,0.0
2017-05-01,Japan,0.3,100.3818,-100.082,0.0,hold,0.0
2017-06-01,Japan,0.3,100.28,-99.98,0.0,hold,0.0
2017-07-01,Japan,0.3,100.0764,-99.776,0.0,hold,0.0
2017-08-01,Japan,0.3,100.28,-99.98,0.0,hold,0.0
2017-09-01,Japan,0.3,100.5854,-100.285,0.0,hold,0.0
2017-10-01,Japan,0.3,100.5854,-100.285,0.0,hold,0.0
2017-11-01,Japan,0.3,100.8908,-100.591,0.0,hold,0.0
2017-12-01,Japan,0.3,101.1962,-100.896,0.0,hold,0.0
2018-01-01,Japan,0.3,101.298,-100.998,0.0,hold,0.0
2018-02-01,Japan,0.3,101.298,-100.998,0.0,hold,0.0
2018-03-01,Japan,0.3,100.9926,-100.693,0.0,hold,0.0
2018-04-01,Japan,0.3,100.8908,-100.591,0.0,hold,0.0
2018-05-01,Japan,0.3,101.0944,-100.794,0.0,hold,0.0
2018-06-01,Japan,0.3,100.9926,-100.693,0.0,hold,0.0
2018-07-01,Japan,0.3,100.9926,-100.693,0.0,hold,0.0
2018-08-01,Japan,0.3,101.6035,-101.304,0.0,hold,0.0
2018-09-01,Japan,0.3,101.7053,-101.405,0.0,hold,0.0
2018-10-01,Japan,0.3,102.0107,-101.711,0.0,hold,0.0
2018-11-01,Japan,0.3,101.8071,-101.507,0.0,hold,0.0
2018-12-01,Japan,0.3,101.5017,-101.202,0.0,hold,0.0
2019-01-01,Japan,0.3,101.5017,-101.202,0.0,hold,0.0
2019-02-01,Japan,0.3,101.5017,-101.202,0.0,hold,0.0
2019-03-01,Japan,0.3,101.5017,-101.202,0.0,hold,0.0
2019-04-01,Japan,0.3,101.8071,-101.507,0.0,hold,0.0
2019-05-01,Japan,0.3,101.8071,-101.507,0.0,hold,0.0
2019-06-01,Japan,0.3,101.6035,-101.304,0.0,hold,0.0
2019-07-01,Japan,0.3,101.6035,-101.304,0.0,hold,0.0
2019-08-01,Japan,0.3,101.8071,-101.507,0.0,hold,0.0
2019-09-01,Japan,0.3,101.9089,-101.609,0.0,hold,0.0
2019-10-01,Japan,0.3,102.2143,-101.914,0.0,hold,0.0
2019-11-01,Japan,0.3,102.3161,-102.016,0.0,hold,0.0
2019-12-01,Japan,0.3,102.3161,-102.016,0.0,hold,0.0
2020-01-01,Japan,0.3,102.3161,-102.016,0.0,hold,0.0
2020-02-01,Japan,0.3,102.1125,-101.812,0.0,hold,0.0
2020-03-01,Japan,0.3,102.1125,-101.812,0.0,hold,0.0
2020-04-01,Japan,0.3,102.0107,-101.711,0.0,hold,0.0
2020-05-01,Japan,0.3,101.9089,-101.609,0.0,hold,0.0
2020-06-01,Japan,0.3,101.7053,-101.405,0.0,hold,0.0
2020-07-01,Japan,0.3,101.8071,-101.507,0.0,hold,0.0
2020-08-01,Japan,0.3,101.9089,-101.609,0.0,hold,0.0
2020-09-01,Japan,0.3,101.7053,-101.405,0.0,hold,0.0
2020-10-01,Japan,0.3,101.6035,-101.304,0.0,hold,0.0
2020-11-01,Japan,0.3,101.298,-100.998,0.0,hold,0.0
2020-12-01,Japan,0.3,101.0944,-100.794,0.0,hold,0.0
2021-01-01,Japan,0.3,101.6035,-101.304,0.0,hold,0.0
2021-02-01,Japan,0.3,101.6035,-101.304,0.0,hold,0.0
2021-03-01,Japan,0.3,101.7053,-101.405,0.0,hold,0.0
2021-04-01,Japan,0.3,100.8908,-100.591,0.0,hold,0.0
2021-05-01,Japan,0.3,101.1962,-100.896,0.0,hold,0.0
2021-06-01,Japan,0.3,101.298,-100.998,0.0,hold,0.0
2021-07-01,Japan,0.3,,,0.0,hold,0.0
2021-08-01,Japan,0.3,,,0.0,hold,0.0
2021-09-01,Japan,0.3,,,0.0,hold,0.0
2021-10-01,Japan,0.3,,,0.0,hold,0.0
2021-11-01,Japan,0.3,,,0.0,hold,0.0
2021-12-01,Japan,0.3,,,0.0,hold,0.0
2022-01-01,Japan,0.3,,,0.0,hold,0.0
2022-02-01,Japan,0.3,,,0.0,hold,0.0
2022-03-01,Japan,0.3,,,0.0,hold,0.0
2022-04-01,Japan,0.3,,,0.0,hold,0.0
2022-05-01,Japan,0.3,,,0.0,hold,0.0
2022-06-01,Japan,0.3,,,0.0,hold,0.0
2022-07-01,Japan,0.3,,,0.0,hold,0.0
2022-08-01,Japan,0.3,,,0.0,hold,0.0
2022-09-01,Japan,0.3,,,0.0,hold,0.0
2022-10-01,Japan,0.3,,,0.0,hold,0.0
2022-11-01,Japan,0.3,,,0.0,hold,0.0
2022-12-01,Japan,0.3,,,0.0,hold,0.0
2023-01-01,Japan,0.3,,,0.0,hold,0.0
2023-02-01,Japan,0.3,,,0.0,hold,0.0
2023-03-01,Japan,0.3,,,0.0,hold,0.0
2023-04-01,Japan,0.3,,,0.0,hold,0.0
2023-05-01,Japan,0.3,,,0.0,hold,0.0
2023-06-01,Japan,0.3,,,0.0,hold,0.0
2023-07-01,Japan,0.3,,,0.0,hold,0.0
2023-08-01,Japan,0.3,,,0.0,hold,0.0
2023-09-01,Japan,0.3,,,0.0,hold,0.0
2023-10-01,Japan,0.3,,,0.0,hold,0.0
2023-11-01,Japan,0.3,,,0.0,hold,0.0
2023-12-01,Japan,0.3,,,0.0,hold,0.0
2024-01-01,Japan,0.3,,,0.0,hold,0.0
2024-02-01,Japan,0.3,,,0.0,hold,0.0
2024-03-01,Japan,0.3,,,0.0,hold,0.0
2024-04-01,Japan,0.3,,,0.0,hold,0.0
2024-05-01,Japan,0.3,,,0.0,hold,0.0
2024-06-01,Japan,0.3,,,0.0,hold,0.0
2024-07-01,Japan,0.3,,,0.0,hold,0.0
2024-08-01,Japan,0.3,,,0.0,hold,0.0
2024-09-01,Japan,0.3,,,0.0,hold,0.0
2024-10-01,Japan,0.3,,,0.0,hold,0.0
2024-11-01,Japan,0.3,,,0.0,hold,0.0
2024-12-01,Japan,0.3,,,0.0,hold,0.0
2025-01-01,Japan,0.3,,,0.0,hold,0.0
2025-02-01,Japan,0.3,,,0.0,hold,0.0
2025-03-01,Japan,0.3,,,0.0,hold,0.0
2025-04-01,Japan,0.3,,,0.0,hold,0.0
2025-05-01,Japan,0.3,,,0.0,hold,0.0
2025-06-01,Japan,0.3,,,0.0,hold,0.0
2025-07-01,Japan,0.3,,,0.0,hold,0.0
2025-08-01,Japan,0.3,,,0.0,hold,0.0
2025-09-01,Japan,0.3,,,0.0,hold,0.0
2025-10-01,Japan,0.3,,,0.0,hold,0.0
2025-11-01,Japan,0.3,,,0.0,hold,0.0
2025-12-01,Japan,0.3,,,0.0,hold,0.0
2026-01-01,Japan,0.3,,,0.0,hold,0.0
2026-02-01,Japan,0.3,,,0.0,hold,0.0
2026-03-01,Japan,0.3,,,0.0,hold,0.0
2026-04-01,Japan,0.3,,,0.0,hold,0.0
2015-01-01,South Korea,,99.7702777136,,,,
2015-02-01,South Korea,,99.7112439176303,,,,
2015-03-01,South Korea,,99.7207314919826,,,,
2015-04-01,South Korea,,99.7513025648954,,,,
2015-05-01,South Korea,,100.030658920824,,,,
2015-06-01,South Korea,,100.050688244456,,,,
2015-07-01,South Korea,,100.230952157149,,,,
2015-08-01,South Korea,,100.371157422577,,,,
2015-09-01,South Korea,,100.110776215354,,,,
2015-10-01,South Korea,,100.110776215354,,,,
2015-11-01,South Korea,,99.9210247283084,,,,
2015-12-01,South Korea,,100.220410407869,,,,
2016-01-01,South Korea,,100.39118674621,,,,
2016-02-01,South Korea,,100.821290116846,,,,
2016-03-01,South Korea,,100.560908909623,,,,
2016-04-01,South Korea,,100.750660396668,,,,
2016-05-01,South Korea,,100.810748367566,,,,
2016-06-01,South Korea,,100.790719043934,,,,
2016-07-01,South Korea,,100.600967556888,,,,
2016-08-01,South Korea,,100.860294589184,,,,
2016-09-01,South Korea,,101.461174298161,,,,
2016-10-01,South Korea,,101.600325388661,,,,
2016-11-01,South Korea,,101.450632548881,,,,
2016-12-01,South Korea,,101.561320916324,,,,
2017-01-01,South Korea,,102.640796042627,,,,
2017-02-01,South Korea,,102.921206573483,,,,
2017-03-01,South Korea,,102.850576853305,,,,
2017-04-01,South Korea,,102.720913337158,,,,
2017-05-01,South Korea,,102.830547529673,,,,
2017-06-01,South Korea,,102.611279144642,,,,
2017-07-01,South Korea,,102.781001308055,,,,
2017-08-01,South Korea,,103.370285092824,,,,
2017-09-01,South Korea,,103.49046103462,,,,
2017-10-01,South Korea,,103.390314416457,,,,
2017-11-01,South Korea,,102.620766718995,,,,
2017-12-01,South Korea,,102.990782118733,,,,
2018-01-01,South Korea,,103.42088548937,,,,
2018-02-01,South Korea,,104.210462510465,,,,
2018-03-01,South Korea,,104.10082831795,,,,
2018-04-01,South Korea,,104.290579804995,,,,
2018-05-01,South Korea,,104.341180201541,,,,
2018-06-01,South Korea,,104.130345215935,,,,
2018-07-01,South Korea,,103.931106154537,,,,
2018-08-01,South Korea,,104.850346691779,,,,
2018-09-01,South Korea,,105.650465462155,,,,
2018-10-01,South Korea,,105.460713975109,,,,
2018-11-01,South Korea,,104.711195601279,,,,
2018-12-01,South Korea,,104.350667775893,,,,
2019-01-01,South Korea,,104.241033583378,,,,
2019-02-01,South Korea,,104.691166277647,,,,
2019-03-01,South Korea,,104.490873041321,,,,
2019-04-01,South Korea,,104.870376015412,,,,
2019-05-01,South Korea,,105.050639928105,,,,
2019-06-01,South Korea,,104.880917764692,,,,
2019-07-01,South Korea,,104.560448586571,,,,
2019-08-01,South Korea,,104.811342219442,,,,
2019-09-01,South Korea,,105.200332767886,,,,
2019-10-01,South Korea,,105.460713975109,,,,
2019-11-01,South Korea,,104.870376015412,,,,
2019-12-01,South Korea,,105.121269648283,,,,
2020-01-01,South Korea,,105.512368546583,,,,
2020-02-01,South Korea,,105.586160791545,,,,
2020-03-01,South Korea,,105.354242307378,,,,
2020-04-01,South Korea,,104.890405339045,,,,
2020-05-01,South Korea,,104.827154843363,,,,
2020-06-01,South Korea,,105.111782073931,,,,
2020-07-01,South Korea,,105.027448079689,,,,
2020-08-01,South Korea,,105.617786039386,,,,
2020-09-01,South Korea,,106.197582249803,,,,
2020-10-01,South Korea,,105.607244290105,,,,
2020-11-01,South Korea,,105.512368546583,,,,
2020-12-01,South Korea,,105.76537052931,,,,
2021-01-01,South Korea,,106.513834728212,,,,
2021-02-01,South Korea,,107.083089189348,,,,
2021-03-01,South Korea,,107.357174670636,,,,
2021-04-01,South Korea,,107.504759160561,,,,
2021-05-01,South Korea,,107.578551405523,,,,
2021-06-01,South Korea,,107.578551405523,,,,
2021-07-01,South Korea,,107.799928140409,,,,
2021-08-01,South Korea,,108.316473855144,,,,
2021-09-01,South Korea,,108.759227324917,,,,
2021-10-01,South Korea,,108.948978811962,,,,
2021-11-01,South Korea,,109.497149774538,,,,
2021-12-01,South Korea,,109.676359512304,,,,
2022-01-01,South Korea,,110.361573215523,,,,
2022-02-01,South Korea,,111.004619921622,,,,
2022-03-01,South Korea,,111.805792866925,,,,
2022-04-01,South Korea,,112.63859106007,,,,
2022-05-01,South Korea,,113.387055258971,,,,
2022-06-01,South Korea,,114.082810711471,,,,
2022-07-01,South Korea,,114.630981674047,,,,
2022-08-01,South Korea,,114.504480682684,,,,
2022-09-01,South Korea,,114.831274910373,,,,
2022-10-01,South Korea,,115.126443890222,,,,
2022-11-01,South Korea,,115.010484648138,,,,
2022-12-01,South Korea,,115.200236135184,,,,
2023-01-01,South Korea,,116.064659576169,,,,
2023-02-01,South Korea,,116.359828556018,,,,
2023-03-01,South Korea,,116.549580043063,,,,
2023-04-01,South Korea,,116.80258202579,,,,
2023-05-01,South Korea,,117.15045975204,,,,
2023-06-01,South Korea,,117.13991800276,,,,
2023-07-01,South Korea,,117.224251997003,,,,
2023-08-01,South Korea,,118.415469665677,,,,
2023-09-01,South Korea,,119.111225118177,,,,
2023-10-01,South Korea,,119.511811590829,,,,
2023-11-01,South Korea,,118.84768138617,,,,
2015-01-01,United Kingdom,0.5,99.2,-98.7,,,
2015-02-01,United Kingdom,0.5,99.5,-99.0,0.0,hold,0.0
2015-03-01,United Kingdom,0.5,99.6,-99.1,0.0,hold,0.0
2015-04-01,United Kingdom,0.5,99.9,-99.4,0.0,hold,0.0
2015-05-01,United Kingdom,0.5,100.1,-99.6,0.0,hold,0.0
2015-06-01,United Kingdom,0.5,100.1,-99.6,0.0,hold,0.0
2015-07-01,United Kingdom,0.5,100.0,-99.5,0.0,hold,0.0
2015-08-01,United Kingdom,0.5,100.3,-99.8,0.0,hold,0.0
2015-09-01,United Kingdom,0.5,100.2,-99.7,0.0,hold,0.0
2015-10-01,United Kingdom,0.5,100.3,-99.8,0.0,hold,0.0
2015-11-01,United Kingdom,0.5,100.3,-99.8,0.0,hold,0.0
2015-12-01,United Kingdom,0.5,100.4,-99.9,0.0,hold,0.0
2016-01-01,United Kingdom,0.5,99.9,-99.4,0.0,hold,0.0
2016-02-01,United Kingdom,0.5,100.1,-99.6,0.0,hold,0.0
2016-03-01,United Kingdom,0.5,100.4,-99.9,0.0,hold,0.0
2016-04-01,United Kingdom,0.5,100.6,-100.1,0.0,hold,0.0
2016-05-01,United Kingdom,0.5,100.8,-100.3,0.0,hold,0.0
2016-06-01,United Kingdom,0.5,101.0,-100.5,0.0,hold,0.0
2016-07-01,United Kingdom,0.5,100.9,-100.4,0.0,hold,0.0
2016-08-01,United Kingdom,0.25,101.2,-100.95,-25.0,cut,-25.0
2016-09-01,United Kingdom,0.25,101.5,-101.25,0.0,hold,-25.0
2016-10-01,United Kingdom,0.25,101.6,-101.35,0.0,hold,-25.0
2016-11-01,United Kingdom,0.25,101.8,-101.55,0.0,hold,-25.0
2016-12-01,United Kingdom,0.25,102.2,-101.95,0.0,hold,-25.0
2017-01-01,United Kingdom,0.25,101.8,-101.55,0.0,hold,-25.0
2017-02-01,United Kingdom,0.25,102.4,-102.15,0.0,hold,-25.0
2017-03-01,United Kingdom,0.25,102.7,-102.45,0.0,hold,-25.0
2017-04-01,United Kingdom,0.25,103.2,-102.95,0.0,hold,-25.0
2017-05-01,United Kingdom,0.25,103.5,-103.25,0.0,hold,-25.0
2017-06-01,United Kingdom,0.25,103.5,-103.25,0.0,hold,-25.0
2017-07-01,United Kingdom,0.25,103.5,-103.25,0.0,hold,-25.0
2017-08-01,United Kingdom,0.25,104.0,-103.75,0.0,hold,-25.0
2017-09-01,United Kingdom,0.25,104.3,-104.05,0.0,hold,-25.0
2017-10-01,United Kingdom,0.25,104.4,-104.15,0.0,hold,-25.0
2017-11-01,United Kingdom,0.25,104.7,-104.45,0.0,hold,-25.0
2017-12-01,United Kingdom,0.25,105.0,-104.75,0.0,hold,-25.0
2018-01-01,United Kingdom,0.25,104.5,-104.25,0.0,hold,-25.0
2018-02-01,United Kingdom,0.25,104.9,-104.65,0.0,hold,-25.0
2018-03-01,United Kingdom,0.25,105.1,-104.85,0.0,hold,-25.0
2018-04-01,United Kingdom,0.25,105.5,-105.25,0.0,hold,-25.0
2018-05-01,United Kingdom,0.25,105.9,-105.65,0.0,hold,-25.0
2018-06-01,United Kingdom,0.25,105.9,-105.65,0.0,hold,-25.0
2018-07-01,United Kingdom,0.25,105.9,-105.65,0.0,hold,-25.0
2018-08-01,United Kingdom,0.25,106.5,-106.25,0.0,hold,-25.0
2018-09-01,United Kingdom,0.25,106.6,-106.35,0.0,hold,-25.0
2018-10-01,United Kingdom,0.25,106.7,-106.45,0.0,hold,-25.0
2018-11-01,United Kingdom,0.25,106.9,-106.65,0.0,hold,-25.0
2018-12-01,United Kingdom,0.25,107.1,-106.85,0.0,hold,-25.0
2019-01-01,United Kingdom,0.25,106.4,-106.15,0.0,hold,-25.0
2019-02-01,United Kingdom,0.25,106.8,-106.55,0.0,hold,-25.0
2019-03-01,United Kingdom,0.25,107.0,-106.75,0.0,hold,-25.0
2019-04-01,United Kingdom,0.25,107.6,-107.35,0.0,hold,-25.0
2019-05-01,United Kingdom,0.25,107.9,-107.65,0.0,hold,-25.0
2019-06-01,United Kingdom,0.25,107.9,-107.65,0.0,hold,-25.0
2019-07-01,United Kingdom,0.25,108.0,-107.75,0.0,hold,-25.0
2019-08-01,United Kingdom,0.25,108.3,-108.05,0.0,hold,-25.0
2019-09-01,United Kingdom,0.25,108.4,-108.15,0.0,hold,-25.0
2019-10-01,United Kingdom,0.25,108.3,-108.05,0.0,hold,-25.0
2019-11-01,United Kingdom,0.25,108.5,-108.25,0.0,hold,-25.0
2019-12-01,United Kingdom,0.25,108.5,-108.25,0.0,hold,-25.0
2020-01-01,United Kingdom,0.25,108.3,-108.05,0.0,hold,-25.0
2020-02-01,United Kingdom,0.25,108.6,-108.35,0.0,hold,-25.0
2020-03-01,United Kingdom,0.25,108.6,-108.35,0.0,hold,-25.0
2020-04-01,United Kingdom,0.25,108.6,-108.35,0.0,hold,-25.0
2020-05-01,United Kingdom,0.25,108.6,-108.35,0.0,hold,-25.0
2020-06-01,United Kingdom,0.25,108.8,-108.55,0.0,hold,-25.0
2020-07-01,United Kingdom,0.25,109.2,-108.95,0.0,hold,-25.0
2020-08-01,United Kingdom,0.25,108.8,-108.55,0.0,hold,-25.0
2020-09-01,United Kingdom,0.25,109.2,-108.95,0.0,hold,-25.0
2020-10-01,United Kingdom,0.25,109.2,-108.95,0.0,hold,-25.0
2020-11-01,United Kingdom,0.25,109.1,-108.85,0.0,hold,-25.0
2020-12-01,United Kingdom,0.25,109.4,-109.15,0.0,hold,-25.0
2021-01-01,United Kingdom,0.25,109.3,-109.05,0.0,hold,-25.0
2021-02-01,United Kingdom,0.25,109.4,-109.15,0.0,hold,-25.0
2021-03-01,United Kingdom,0.25,109.7,-109.45,0.0,hold,-25.0
2021-04-01,United Kingdom,0.25,110.4,-110.15,0.0,hold,-25.0
2021-05-01,United Kingdom,0.25,111.0,-110.75,0.0,hold,-25.0
2021-06-01,United Kingdom,0.25,111.4,-111.15,0.0,hold,-25.0
2021-07-01,United Kingdom,0.25,111.4,-111.15,0.0,hold,-25.0
2021-08-01,United Kingdom,0.25,112.1,-111.85,0.0,hold,-25.0
2021-09-01,United Kingdom,0.25,112.4,-112.15,0.0,hold,-25.0
2021-10-01,United Kingdom,0.25,113.4,-113.15,0.0,hold,-25.0
2021-11-01,United Kingdom,0.25,114.1,-113.85,0.0,hold,-25.0
2021-12-01,United Kingdom,0.25,114.7,-114.45,0.0,hold,-25.0
2022-01-01,United Kingdom,0.25,114.6,-114.35,0.0,hold,-25.0
2022-02-01,United Kingdom,0.25,115.4,-115.15,0.0,hold,-25.0
2022-03-01,United Kingdom,0.25,116.5,-116.25,0.0,hold,-25.0
2022-04-01,United Kingdom,0.25,119.0,-118.75,0.0,hold,-25.0
2022-05-01,United Kingdom,0.25,119.7,-119.45,0.0,hold,-25.0
2022-06-01,United Kingdom,0.25,120.5,-120.25,0.0,hold,-25.0
2022-07-01,United Kingdom,0.25,121.2,-120.95,0.0,hold,-25.0
2022-08-01,United Kingdom,0.25,121.8,-121.55,0.0,hold,-25.0
2022-09-01,United Kingdom,0.25,122.3,-122.05,0.0,hold,-25.0
2022-10-01,United Kingdom,0.25,124.3,-124.05,0.0,hold,-25.0
2022-11-01,United Kingdom,0.25,124.8,-124.55,0.0,hold,-25.0
2022-12-01,United Kingdom,0.25,125.3,-125.05,0.0,hold,-25.0
2023-01-01,United Kingdom,0.25,124.8,-124.55,0.0,hold,-25.0
2023-02-01,United Kingdom,0.25,126.0,-125.75,0.0,hold,-25.0
2023-03-01,United Kingdom,0.25,126.8,-126.55,0.0,hold,-25.0
2023-04-01,United Kingdom,0.25,128.3,-128.05,0.0,hold,-25.0
2023-05-01,United Kingdom,0.25,129.1,-128.85,0.0,hold,-25.0
2023-06-01,United Kingdom,0.25,129.4,-129.15,0.0,hold,-25.0
2023-07-01,United Kingdom,0.25,129.0,-128.75,0.0,hold,-25.0
2023-08-01,United Kingdom,0.25,129.4,-129.15,0.0,hold,-25.0
2023-09-01,United Kingdom,0.25,130.1,-129.85,0.0,hold,-25.0
2023-10-01,United Kingdom,0.25,130.2,-129.95,0.0,hold,-25.0
2023-11-01,United Kingdom,0.25,130.0,-129.75,0.0,hold,-25.0
2023-12-01,United Kingdom,0.25,130.5,-130.25,0.0,hold,-25.0
2024-01-01,United Kingdom,0.25,130.0,-129.75,0.0,hold,-25.0
2024-02-01,United Kingdom,0.25,130.8,-130.55,0.0,hold,-25.0
2024-03-01,United Kingdom,0.25,131.6,-131.35,0.0,hold,-25.0
2024-04-01,United Kingdom,0.25,132.2,-131.95,0.0,hold,-25.0
2024-05-01,United Kingdom,0.25,132.7,-132.45,0.0,hold,-25.0
2024-06-01,United Kingdom,0.25,133.0,-132.75,0.0,hold,-25.0
2024-07-01,United Kingdom,0.25,132.9,-132.65,0.0,hold,-25.0
2024-08-01,United Kingdom,0.25,133.4,-133.15,0.0,hold,-25.0
2024-09-01,United Kingdom,0.25,133.5,-133.25,0.0,hold,-25.0
2024-10-01,United Kingdom,0.25,134.3,-134.05,0.0,hold,-25.0
2024-11-01,United Kingdom,0.25,134.6,-134.35,0.0,hold,-25.0
2024-12-01,United Kingdom,0.25,135.1,-134.85,0.0,hold,-25.0
2025-01-01,United Kingdom,0.25,135.1,-134.85,0.0,hold,-25.0
2025-02-01,United Kingdom,0.25,135.6,-135.35,0.0,hold,-25.0
2025-03-01,United Kingdom,0.25,136.1,-135.85,0.0,hold,-25.0
2025-04-01,United Kingdom,0.25,,,0.0,hold,-25.0
2025-05-01,United Kingdom,0.25,,,0.0,hold,-25.0
2025-06-01,United Kingdom,0.25,,,0.0,hold,-25.0
2025-07-01,United Kingdom,0.25,,,0.0,hold,-25.0
2025-08-01,United Kingdom,0.25,,,0.0,hold,-25.0
2025-09-01,United Kingdom,0.25,,,0.0,hold,-25.0
2025-10-01,United Kingdom,0.25,,,0.0,hold,-25.0
2025-11-01,United Kingdom,0.25,,,0.0,hold,-25.0
2025-12-01,United Kingdom,0.25,,,0.0,hold,-25.0
2026-01-01,United Kingdom,0.25,,,0.0,hold,-25.0
2026-02-01,United Kingdom,0.25,,,0.0,hold,-25.0
2026-03-01,United Kingdom,0.25,,,0.0,hold,-25.0
2026-04-01,United Kingdom,0.25,,,0.0,hold,-25.0
2015-01-01,United States,0.11,,,,,
2015-02-01,United States,0.11,,,0.0,hold,0.0
2015-03-01,United States,0.11,,,0.0,hold,0.0
2015-04-01,United States,0.12,,,1.0,hike,1.0
2015-05-01,United States,0.12,,,0.0,hold,1.0
2015-06-01,United States,0.13,,,1.0,hike,2.0
2015-07-01,United States,0.13,,,0.0,hold,2.0
2015-08-01,United States,0.14,,,1.0,hike,3.0
2015-09-01,United States,0.14,,,0.0,hold,3.0
2015-10-01,United States,0.12,,,-2.0,cut,-2.0
2015-11-01,United States,0.12,,,0.0,hold,-2.0
2015-12-01,United States,0.24,,,12.0,hike,12.0
2016-01-01,United States,0.34,1.238,-0.898,10.0,hike,22.0
2016-02-01,United States,0.38,0.847,-0.467,4.0,hike,26.0
2016-03-01,United States,0.36,0.892,-0.532,-2.0,cut,-2.0
2016-04-01,United States,0.37,1.173,-0.803,1.0,hike,1.0
2016-05-01,United States,0.37,1.078,-0.708,0.0,hold,1.0
2016-06-01,United States,0.38,1.079,-0.699,1.0,hike,2.0
2016-07-01,United States,0.39,0.868,-0.478,1.0,hike,3.0
2016-08-01,United States,0.4,1.055,-0.655,1.0,hike,4.0
2016-09-01,United States,0.4,1.549,-1.149,0.0,hold,4.0
2016-10-01,United States,0.4,1.686,-1.286,0.0,hold,4.0
2016-11-01,United States,0.41,1.684,-1.274,1.0,hike,5.0
2016-12-01,United States,0.54,2.051,-1.511,13.0,hike,18.0
2017-01-01,United States,0.65,2.51,-1.86,11.0,hike,29.0
2017-02-01,United States,0.66,2.81,-2.15,1.0,hike,30.0
2017-03-01,United States,0.79,2.441,-1.651,13.0,hike,43.0
2017-04-01,United States,0.9,2.176,-1.276,11.0,hike,54.0
2017-05-01,United States,0.91,1.856,-0.946,1.0,hike,55.0
2017-06-01,United States,1.04,1.641,-0.601,13.0,hike,68.0
2017-07-01,United States,1.15,1.725,-0.575,11.0,hike,79.0
2017-08-01,United States,1.16,1.928,-0.768,1.0,hike,80.0
2017-09-01,United States,1.15,2.181,-1.031,-1.0,cut,-1.0
2017-10-01,United States,1.15,2.021,-0.871,0.0,hold,-1.0
2017-11-01,United States,1.16,2.172,-1.012,1.0,hike,1.0
2017-12-01,United States,1.3,2.13,-0.83,14.0,hike,15.0
2018-01-01,United States,1.41,2.151,-0.741,11.0,hike,26.0
2018-02-01,United States,1.42,2.263,-0.843,1.0,hike,27.0
2018-03-01,United States,1.51,2.331,-0.821,9.0,hike,36.0
2018-04-01,United States,1.69,2.471,-0.781,18.0,hike,54.0
2018-05-01,United States,1.7,2.782,-1.082,1.0,hike,55.0
2018-06-01,United States,1.82,2.808,-0.988,12.0,hike,67.0
2018-07-01,United States,1.91,2.854,-0.944,9.0,hike,76.0
2018-08-01,United States,1.91,2.643,-0.733,0.0,hold,76.0
2018-09-01,United States,1.95,2.332,-0.382,4.0,hike,80.0
2018-10-01,United States,2.19,2.492,-0.302,24.0,hike,104.0
2018-11-01,United States,2.2,2.147,0.053,1.0,hike,105.0
2018-12-01,United States,2.27,2.002,0.268,7.0,hike,112.0
2019-01-01,United States,2.4,1.488,0.912,13.0,hike,125.0
2019-02-01,United States,2.4,1.519,0.881,0.0,hold,125.0
2019-03-01,United States,2.41,1.883,0.527,1.0,hike,126.0
2019-04-01,United States,2.42,2.001,0.419,1.0,hike,127.0
2019-05-01,United States,2.39,1.796,0.594,-3.0,cut,-3.0
2019-06-01,United States,2.38,1.671,0.709,-1.0,cut,-4.0
2019-07-01,United States,2.4,1.826,0.574,2.0,hike,2.0
2019-08-01,United States,2.13,1.738,0.392,-27.0,cut,-27.0
2019-09-01,United States,2.04,1.684,0.356,-9.0,cut,-36.0
2019-10-01,United States,1.83,1.734,0.096,-21.0,cut,-57.0
2019-11-01,United States,1.55,2.092,-0.542,-28.0,cut,-85.0
2019-12-01,United States,1.55,2.32,-0.77,0.0,hold,-85.0
2020-01-01,United States,1.55,2.6,-1.05,0.0,hold,-85.0
2020-02-01,United States,1.58,2.341,-0.761,3.0,hike,3.0
2020-03-01,United States,0.65,1.494,-0.844,-93.0,cut,-93.0
2020-04-01,United States,0.05,0.313,-0.263,-60.0,cut,-153.0
2020-05-01,United States,0.05,0.198,-0.148,0.0,hold,-153.0
2020-06-01,United States,0.08,0.717,-0.637,3.0,hike,3.0
2020-07-01,United States,0.09,0.997,-0.907,1.0,hike,4.0
2020-08-01,United States,0.1,1.281,-1.181,1.0,hike,5.0
2020-09-01,United States,0.09,1.391,-1.301,-1.0,cut,-1.0
2020-10-01,United States,0.09,1.23,-1.14,0.0,hold,-1.0
2020-11-01,United States,0.09,1.176,-1.086,0.0,hold,-1.0
2020-12-01,United States,0.09,1.32,-1.23,0.0,hold,-1.0
2021-01-01,United States,0.09,1.374,-1.284,0.0,hold,-1.0
2021-02-01,United States,0.08,1.67,-1.59,-1.0,cut,-2.0
2021-03-01,United States,0.07,2.668,-2.598,-1.0,cut,-3.0
2021-04-01,United States,0.07,4.133,-4.063,0.0,hold,-3.0
2021-05-01,United States,0.06,4.918,-4.858,-1.0,cut,-4.0
2021-06-01,United States,0.08,5.296,-5.216,2.0,hike,2.0
2021-07-01,United States,0.1,5.245,-5.145,2.0,hike,4.0
2021-08-01,United States,0.09,5.152,-5.062,-1.0,cut,-1.0
2021-09-01,United States,0.08,5.351,-5.271,-1.0,cut,-2.0
2021-10-01,United States,0.08,6.235,-6.155,0.0,hold,-2.0
2021-11-01,United States,0.08,6.902,-6.822,0.0,hold,-2.0
2021-12-01,United States,0.08,7.174,-7.094,0.0,hold,-2.0
2022-01-01,United States,0.08,7.559,-7.479,0.0,hold,-2.0
2022-02-01,United States,0.08,7.937,-7.857,0.0,hold,-2.0
2022-03-01,United States,0.2,8.572,-8.372,12.0,hike,12.0
2022-04-01,United States,0.33,8.232,-7.902,13.0,hike,25.0
2022-05-01,United States,0.77,8.538,-7.768,44.0,hike,69.0
2022-06-01,United States,1.21,8.979,-7.769,44.0,hike,113.0
2022-07-01,United States,1.68,8.463,-6.783,47.0,hike,160.0
2022-08-01,United States,2.33,8.223,-5.893,65.0,hike,225.0
2022-09-01,United States,2.56,8.192,-5.632,23.0,hike,248.0
2022-10-01,United States,3.08,7.759,-4.679,52.0,hike,300.0
2022-11-01,United States,3.78,7.123,-3.343,70.0,hike,370.0
2022-12-01,United States,4.1,6.405,-2.305,32.0,hike,402.0
2023-01-01,United States,4.33,6.327,-1.997,23.0,hike,425.0
2023-02-01,United States,4.57,5.958,-1.388,24.0,hike,449.0
2023-03-01,United States,4.65,4.918,-0.268,8.0,hike,457.0
2023-04-01,United States,4.83,4.95,-0.12,18.0,hike,475.0
2023-05-01,United States,5.06,4.132,0.928,23.0,hike,498.0
2023-06-01,United States,5.08,3.071,2.009,2.0,hike,500.0
2023-07-01,United States,5.12,3.288,1.832,4.0,hike,504.0
2023-08-01,United States,5.33,3.723,1.607,21.0,hike,525.0
2023-09-01,United States,5.33,3.687,1.643,0.0,hold,525.0
2023-10-01,United States,5.33,3.251,2.079,0.0,hold,525.0
2023-11-01,United States,5.33,3.133,2.197,0.0,hold,525.0
2023-12-01,United States,5.33,3.316,2.014,0.0,hold,525.0
2024-01-01,United States,5.33,3.088,2.242,0.0,hold,525.0
2024-02-01,United States,5.33,3.157,2.173,0.0,hold,525.0
2024-03-01,United States,5.33,3.487,1.843,0.0,hold,525.0
2024-04-01,United States,5.33,3.361,1.969,0.0,hold,525.0
2024-05-01,United States,5.33,3.244,2.086,0.0,hold,525.0
2024-06-01,United States,5.33,2.97,2.36,0.0,hold,525.0
2024-07-01,United States,5.33,2.941,2.389,0.0,hold,525.0
2024-08-01,United States,5.33,2.607,2.723,0.0,hold,525.0
2024-09-01,United States,5.13,2.426,2.704,-20.0,cut,-20.0
2024-10-01,United States,4.83,2.579,2.251,-30.0,cut,-50.0
2024-11-01,United States,4.64,2.719,1.921,-19.0,cut,-69.0
2024-12-01,United States,4.48,2.871,1.609,-16.0,cut,-85.0
2025-01-01,United States,4.33,2.991,1.339,-15.0,cut,-100.0
2025-02-01,United States,4.33,2.802,1.528,0.0,hold,-100.0
2025-03-01,United States,4.33,2.382,1.948,0.0,hold,-100.0
2025-04-01,United States,4.33,2.325,2.005,0.0,hold,-100.0
2025-05-01,United States,4.33,2.377,1.953,0.0,hold,-100.0
2025-06-01,United States,4.33,2.68,1.65,0.0,hold,-100.0
2025-07-01,United States,4.33,2.743,1.587,0.0,hold,-100.0
2025-08-01,United States,4.33,2.939,1.391,0.0,hold,-100.0
2025-09-01,United States,4.22,3.023,1.197,-11.0,cut,-111.0
2025-10-01,United States,4.09,,,-13.0,cut,-124.0
2025-11-01,United States,3.88,2.988,0.892,-21.0,cut,-145.0
2025-12-01,United States,3.72,3.002,0.718,-16.0,cut,-161.0
2026-01-01,United States,3.64,2.829,0.811,-8.0,cut,-169.0
2026-02-01,United States,3.64,2.665,0.975,0.0,hold,-169.0
2026-03-01,United States,3.64,3.32,0.32,0.0,hold,-169.0
2026-04-01,United States,3.64,,,0.0,hold,-169.0
